Subject,Class Name,Class Date,YouTube URL,YouTube Video ID,Google Drive Slide URL,Total Views,Class ID,Subject ID
Bangla,প্রশ্ন বিশ্লেষণ 'বাংলা' মাস্টার ক্লাস - ঢাকা বিশ্ববিদ্যালয়,2025-05-20,https://www.youtube.com/watch?v=HLxHZnnHagc,HLxHZnnHagc,https://drive.google.com/file/d/1Z0O6mWsYGGXXcxgQn0a3Nl7u_zLInWQK/view,2879,682b6bbd035d22330f61710e,663e5a00321da5adaf2f2057
Bangla,"প্রশ্ন বিশ্লেষণ 'বাংলা' মাস্টার ক্লাস - জবি, খুবি",2025-05-23,https://www.youtube.com/watch?v=VOBycRZshNA,VOBycRZshNA,https://drive.google.com/file/d/11jb15kK24bzR60w-dxC9DbvccLQqnNeS/view,949,683006ad035d22330f62a261,663e5a00321da5adaf2f2057
Bangla,"প্রশ্ন বিশ্লেষণ 'বাংলা' মাস্টার ক্লাস - জবি, খুবি (পার্ট ০২)",2025-05-30,https://www.youtube.com/watch?v=_Rbk4adIym8,_Rbk4adIym8,https://drive.google.com/file/d/1rn3CcrYWt7xEMeAK1VF0m5j_55ya0txC/view,843,68396b51d2e48527a0fef4d9,663e5a00321da5adaf2f2057
Bangla,"বাংলা প্রশ্ন বিশ্লেষণ মাস্টার ক্লাস - BUP,GST,SUST,HSTU,CoU",2025-08-29,https://www.youtube.com/watch?v=qFXVys4FBLg,qFXVys4FBLg,https://drive.google.com/file/d/1BnHN6hbBim2-Fx_LxGG-7WL8t6TSA0P4/view,1330,68b118eb1d02b8d73bbcdc1d,663e5a00321da5adaf2f2057
Bangla,"বাংলা প্রশ্ন বিশ্লেষণ মাস্টার ক্লাস - RU,CU,JU",2025-08-30,https://www.youtube.com/watch?v=bffxed2mygE,bffxed2mygE,https://drive.google.com/file/d/1D-CoUqe3hHmB_QiOYvTqr_VrY3w9Sri1/view,1441,68b27f5fa67155c530e0fca8,663e5a00321da5adaf2f2057
Bangla,"ধ্বনি ও বর্ণ, আভিধানিক ক্রম, ব্যাকরণ ইতিহাস ও আলোচ্য বিষয়",2025-09-05,https://www.youtube.com/watch?v=xEDVqmqCf0Q,xEDVqmqCf0Q,https://drive.google.com/file/d/1LWGlhyoUN9ZdXkLJ_f4zVxzwdon9DVN3/view,5400,68b9b572a13b40dcb0ee7b66,663e5a00321da5adaf2f2057
Bangla,"অপরিচিতা, সোনার তরী, রবীন্দ্রনাথ ঠাকুর, জীবনানন্দ দাশ, সমার্থক শব্দ",2025-09-06,https://www.youtube.com/watch?v=6UwLS7i2vGw,6UwLS7i2vGw,https://drive.google.com/file/d/1MVRu-Gf8njwd6GVhn8HPNxIkA2uwefoK/view,3915,68bab49aa13b40dcb0f1b247,663e5a00321da5adaf2f2057
Bangla,"বিলাসী, প্রতিদান, শরৎচন্দ্র চট্টোপাধ্যায়, জসীম উদ্ দীন, বাগধারা",2025-09-12,https://www.youtube.com/watch?v=Sx9sdr4YW7s,Sx9sdr4YW7s,https://drive.google.com/file/d/1a3hqIb4tQ178KWipCwoKrTZ2wq0nduNh/view,2588,68c301cefc62a7e8e6c8f2c1,663e5a00321da5adaf2f2057
Bangla,"ণ-ত্ব ও ষ-ত্ব বিধান, বাংলা বানান, শুদ্ধি-অশুদ্ধি, কি ও কী?, বাগধারা",2025-09-13,https://www.youtube.com/watch?v=4_JpM_IZlkM,4_JpM_IZlkM,https://drive.google.com/file/d/1gpg4I0EYaCTi7GcqEQaWTOBIiJrg8Aus/view,3817,68c43a3b5dacab43c34ff540,663e5a00321da5adaf2f2057
Bangla,"লিখিত ক্লাস-০১ (অপরিচিতা, সোনার তরী)",2025-09-18,https://www.youtube.com/watch?v=_MtAUhQzHuU,_MtAUhQzHuU,https://drive.google.com/file/d/1c5z49bvC4sl95LRt4tUyf3ZFabCtRejq/view,2599,68c8e37c5067401a7c049e32,663e5a00321da5adaf2f2057
Bangla,"অক্ষর, উচ্চারণ সূত্র, পদাশ্রিত নির্দেশক, বঙ্কিমচন্দ্র চট্টোপাধ্যায়, বিভীষণের প্রতি মেঘনাদ, বাগধারা",2025-09-19,https://www.youtube.com/watch?v=7iaW-0r42xc,7iaW-0r42xc,https://drive.google.com/file/d/1vabDGEVJsjO_u3uf1QRljeSu-l6XFiM9/view,2673,68cc0df36fbe260c80b1ba3b,663e5a00321da5adaf2f2057
Bangla,"আমার পথ, বিদ্রোহী, কাজী নজরুল ইসলাম, গি দ্য মোপাসাাঁ, প্রবাদ-প্রবচন",2025-09-20,https://www.youtube.com/watch?v=jhOAQuVMLWs,jhOAQuVMLWs,https://drive.google.com/file/d/1sOsgYxvuOWWNaRmTR_jLVYNw_5e6deoE/view,2363,68cd592e04a3a10194a17b2a,663e5a00321da5adaf2f2057
Bangla,"সন্ধি, বচন, সংখ্যাবাচক শব্দ, বেগম রোকেয়া সাখাওয়াত হোসেন, সুচেতনা, প্রবাদ-প্রবচন",2025-09-26,https://www.youtube.com/watch?v=QWa_h_QSqBQ,QWa_h_QSqBQ,https://drive.google.com/file/d/1318gfgkujwjRdNjJ2Fs46kSOf_JtWrkC/view,3471,68d54586be0b17ce4937cd0b,663e5a00321da5adaf2f2057
Bangla,"মানব কল্যাণ, তাহারেই পড়ে মনে, আবুল ফজল, সুফিয়া কামাল, এক কথায় প্রকাশ",2025-09-27,https://www.youtube.com/watch?v=F23jrImmIuU,F23jrImmIuU,https://drive.google.com/file/d/1Htl_Y_UStje_AYwB5joQ-rk8pxywuSSv/view,1536,68d6d0600d784d4be34912a2,663e5a00321da5adaf2f2057
Bangla,"সমাস, পদ্মা, এক কথায় প্রকাশ",2025-10-03,https://www.youtube.com/watch?v=pp_3iqtpoWE,pp_3iqtpoWE,https://drive.google.com/file/d/1lTp5AH5MnnOYiAo_qfFYwtnh30q3D1qU/view,2999,68de9d2f36a22597431a00bb,663e5a00321da5adaf2f2057
Bangla,"মাসি-পিসি, আঠারো বছর বয়স, মানিক বন্দ্যোপাধ্যায়, সুকান্ত ভট্টাচার্য, বিপরীত শব্দ",2025-10-04,https://www.youtube.com/watch?v=cCh2BacWlSo,cCh2BacWlSo,https://drive.google.com/file/d/1QhVhEJsoBqPkUM8quSAnwOIWfUkFi_HD/view,1666,68dfeee436a22597431df5a7,663e5a00321da5adaf2f2057
Bangla,"ব্যাকরণিক শব্দশ্রেণি/পদ প্রকরণ, পদ পরিবর্তন, মাইকেল মধুসূদন দত্ত, নূরলদীনের কথা মনে পড়ে যায়, বিপরীত শব্দ",2025-10-10,https://www.youtube.com/watch?v=1id2UDKnoi0,1id2UDKnoi0,https://drive.google.com/file/d/1dEOQ2SXO0RPmKQ8Q5bCj3y5ZJ6JRkNZl/view,2497,68e71b6836a22597433752e7,663e5a00321da5adaf2f2057
Bangla,"বাংলা লিখিত ক্লাস-০২ (বিলাসী, প্রতিদান)",2025-10-10,https://www.youtube.com/watch?v=OIN-tLN7Gz0,OIN-tLN7Gz0,https://drive.google.com/file/d/1JY8SY0_DO-jQntCy7xcGvAzXHSf8vM8a/view,831,68e71a5d36a2259743374ee3,663e5a00321da5adaf2f2057
Bangla,"ক্রিয়ার কাল, ক্রিয়ার ভাব, বাংলা অনুজ্ঞা, ফেব্রুয়ারি ১৯৬৯, শামসুর রাহমান, ছবি, অনুবাদ",2025-10-11,https://www.youtube.com/watch?v=xC1Gs-4yhOg,xC1Gs-4yhOg,https://drive.google.com/file/d/1G4yqz003cIyW1ZQgwcPEsUnBG5Vbeuqj/view,1520,68e936f336a22597433f4d05,663e5a00321da5adaf2f2057
Bangla,"ধাতু, প্রকৃতি-প্রত্যয়, ফররুখ আহমদ, বাঙ্গালার নব্য লেখকদিগের প্রতি নিবেদন, অনুবাদ",2025-10-17,https://www.youtube.com/watch?v=9v79Z3UWArE,9v79Z3UWArE,https://drive.google.com/file/d/1kjBc79lXo8tpEpaoQa0r5L6R6pXjYFip/view,2311,68f12b0264d7336142eecba9,663e5a00321da5adaf2f2057
Bangla,"লিখিত ক্লাস-০৩ (আমার পথ, বিদ্রোহী)",2025-10-17,https://www.youtube.com/watch?v=CzJQd8fxdgQ,CzJQd8fxdgQ,https://drive.google.com/file/d/1nZdooVC7-ErAXnB8_j1wA-8QY6NU3aZy/view,617,68f12a5c64d7336142eec9ac,663e5a00321da5adaf2f2057
Bangla,"রেইনকোট, আমি কিংবদন্তির কথা বলছি, আখতারুজ্জামান ইলিয়াস, আবু জাফর ওবায়দুল্লাহ, পদ পরিবর্তন",2025-10-18,https://www.youtube.com/watch?v=s97WGoYnFIg,s97WGoYnFIg,https://drive.google.com/file/d/1046IG67scqYAQaizWu2jVdpFqwV2ZzYJ/view,1249,68f254eb64d7336142f27a64,663e5a00321da5adaf2f2057
Bangla,"কারক ও বিভক্তি, সম্বন্ধ পদ, সম্বোধন পদ, সৈয়দ শামসুল হক, গৃহ, পদ পরিবর্তন",2025-10-24,https://www.youtube.com/watch?v=AN9iGS7jGao,AN9iGS7jGao,https://drive.google.com/file/d/1z_ZCNzHf8Gm-3wsuHHotPMNGvpfnmOsp/view,2052,68fa64fd1b3a6fdc3ffeb632,663e5a00321da5adaf2f2057
Bangla,"বাংলা লিখিত ক্লাস-০৪ (মানব কল্যাণ, তাহারেই পড়ে মনে, ফেব্রুয়ারি ১৯৬৯)",2025-10-24,https://www.youtube.com/watch?v=f48l85lUnl8,f48l85lUnl8,https://drive.google.com/file/d/19FLAn5S7i9LqW5L3nFk6b3pLrCw5wkXT/view,431,68fa33771b3a6fdc3ffd7130,663e5a00321da5adaf2f2057
Bangla,"শব্দ ও শব্দের শ্রেণিবিভাগ, দ্বিরুক্তি শব্দ, পুরুষ ও স্ত্রীবাচক শব্দ, সৈয়দ ওয়ালীউল্লাহ, আহ্বান, পদ পরিবর্তন",2025-10-25,https://www.youtube.com/watch?v=ZLGHAzcpLwQ,ZLGHAzcpLwQ,https://drive.google.com/file/d/1YMiVSHKKGoAlORtj2X9SFwyj3dol5FGQ/view,1595,68fbaf7c1b3a6fdc3f0482bc,663e5a00321da5adaf2f2057
Bangla,বাংলা রিভিউ ক্লাস ০১ (লেকচার ১-৪),2025-10-25,https://www.youtube.com/watch?v=xAuft4cvKtg,xAuft4cvKtg,,806,68fba7f81b3a6fdc3f045019,663e5a00321da5adaf2f2057
Bangla,"ধ্বনি পরিবর্তন, বাচ্য, উপসর্গ, অনুসর্গ, মহাজাগতিক কিউরেটর, আবু হেনা মোস্তফা কামাল, পারিভাষিক শব্দ",2025-10-31,https://www.youtube.com/watch?v=GQuYQL90a00,GQuYQL90a00,https://drive.google.com/file/d/1t7kEZo5G2e20AxCQnD-zaQIQV1gs1UaB/view,1974,69035ff22f09571e3418f154,663e5a00321da5adaf2f2057
Bangla,"বাংলা লিখিত ক্লাস-০৫ (মাসি-পিসি, আঠারো বছর বয়স, আমি কিংবদন্তির কথা বলছি)",2025-10-31,https://www.youtube.com/watch?v=L--tYHbvO_M,L--tYHbvO_M,https://drive.google.com/file/d/19xV7e5bcQd9DOofHSRXnv_WEWvzqrPhn/view,339,69035f362f09571e3418eb14,663e5a00321da5adaf2f2057
Bangla,"বাক্য প্রকরণ, যতি ও ছেদ চিহ্ন, উক্তি, অলংকার, সিকান্দার আবু জাফর, নেকলেস, পারিভাষিক শব্দ",2025-11-01,https://www.youtube.com/watch?v=v0c10HluEeo,v0c10HluEeo,https://drive.google.com/file/d/1L_RoOIL6v7s16h6h3BiCwQ7s2AhM5zKd/view,979,69050a772f09571e341fa663,663e5a00321da5adaf2f2057
Bangla,বাংলা রিভিউ ক্লাস ০২ (লেকচার ৫-৮),2025-11-01,https://www.youtube.com/watch?v=8lRGpxBERkY,8lRGpxBERkY,,325,6904d33f2f09571e341e7986,663e5a00321da5adaf2f2057
Bangla,"বাংলা লিখিত ক্লাস-০৬ (রেইনকোট, লালসালু, সিরাজউদ্দৌলা)",2025-11-07,https://www.youtube.com/watch?v=fes_XtZBTjo,fes_XtZBTjo,https://drive.google.com/file/d/1vHCWBftBu2a7kCzbJFaH6ULPfMjfMNPp/view,199,690cad422f09571e343cee74,663e5a00321da5adaf2f2057
Bangla,লালসালু - ০১,2025-11-07,https://www.youtube.com/watch?v=WCa3kGRUxRo,WCa3kGRUxRo,https://drive.google.com/file/d/1eoQX0NDLgu31PxeL0BshClChM6ExRSos/view,1406,690ca7552f09571e343cc1f0,663e5a00321da5adaf2f2057
Bangla,বাংলা রিভিউ ক্লাস ০৩ (লেকচার ৯-১২),2025-11-08,https://www.youtube.com/watch?v=pjH5GJsCMsc,pjH5GJsCMsc,,270,690e37c92f09571e34434d12,663e5a00321da5adaf2f2057
Bangla,লালসালু ০২,2025-11-08,https://www.youtube.com/watch?v=JHOsTa4Q-Sc,JHOsTa4Q-Sc,https://drive.google.com/file/d/1wNdy93eeJEYNEwb-CF3Ny_BhwUrUN7IU/view,774,690e09e92f09571e34424513,663e5a00321da5adaf2f2057
Bangla,"লিখিত ক্লাস (ব্যাকরণ - প্রশ্ন বিশ্লেষণ, নমুনা প্রশ্ন বিশ্লেষণ)",2025-11-14,https://www.youtube.com/watch?v=HHJTRbMcqcM,HHJTRbMcqcM,https://drive.google.com/file/d/1m8NX_JlQuErrkAGpi0ayPWw8qR8psVrD/view,420,691688bce7560557883fc7bb,663e5a00321da5adaf2f2057
Bangla,লালসালু ০৩,2025-11-14,https://www.youtube.com/watch?v=vUaD-qrmis8,vUaD-qrmis8,https://drive.google.com/file/d/1hqqD6mRYZ9rWVZYzBQjPQzA_vbcfg_bt/view,517,691611c2e7560557883f26d9,663e5a00321da5adaf2f2057
Bangla,সিরাজউদ্দৌলা ০১,2025-11-15,https://www.youtube.com/watch?v=xFB7Cd93wBY,xFB7Cd93wBY,https://drive.google.com/file/d/1Z9sp07_QA5n1lavB2d0dP2GcUamnvgjf/view,1030,69173c6ae75605578842425e,663e5a00321da5adaf2f2057
Bangla,বাংলা রিভিউ ক্লাস ০৪ (লেকচার ১৩-২৩),2025-11-20,https://www.youtube.com/watch?v=Foe_UJkQliU,Foe_UJkQliU,,149,691e8de4417256471e37cb14,663e5a00321da5adaf2f2057
Bangla,বাংলা লিখিত ক্লাস - ব্যাকরণ,2025-11-21,https://www.youtube.com/watch?v=crTaSBOEeaU,crTaSBOEeaU,https://drive.google.com/file/d/1IPfyx4P_S4kH3NBFutnGBWZb1LNioh2q/view,343,69200eb8417256471e3cfcbd,663e5a00321da5adaf2f2057
Bangla,সিরাজউদ্দৌলা ০২,2025-11-21,https://www.youtube.com/watch?v=r7yE4xY3V0w,r7yE4xY3V0w,https://drive.google.com/file/d/1DOs0j29LMHjeCzm6NvzsyPGKTHAO0TB4/view,559,691f40f0417256471e3b28cd,663e5a00321da5adaf2f2057
Bangla,বাংলা লিখিত ক্লাস - খুবি,2025-11-22,https://www.youtube.com/watch?v=FoSzS5__5Cw,FoSzS5__5Cw,https://drive.google.com/file/d/1I9hBcq82feN6rmU4M3M2ZnQlrQL4FzPd/view,349,692159dc417256471e416c70,663e5a00321da5adaf2f2057
Bangla,বাংলা বিশেষ ক্লাস - সমাস,2025-11-24,https://www.youtube.com/watch?v=EumTJgXMIi0,EumTJgXMIi0,,1231,6923375e417256471e48e10f,663e5a00321da5adaf2f2057
Bangla,বাংলা লিখিত খাতা মূল্যায়ন,2025-12-05,https://www.youtube.com/watch?v=ENhWZaqCL1c,ENhWZaqCL1c,,647,69324688054954366bdd632b,663e5a00321da5adaf2f2057
Bangla,চবি ডি রিভিউ ক্লাস || বাংলা,2025-12-27,https://www.youtube.com/watch?v=o37i4LzZLGc,o37i4LzZLGc,https://drive.google.com/file/d/1jF83PGq6jMidIAGJZh01e3k_zV4UWIBh/view,449,694ec75050fd3d4ebb96b0d9,663e5a00321da5adaf2f2057
Bangla,জবি ডি রিভিউ ক্লাস || বাংলা,2026-01-03,https://www.youtube.com/watch?v=1PjAFJY-e7E,1PjAFJY-e7E,https://drive.google.com/file/d/1iX0JR863iELOtm-fMTYoE3Myfb7UKJv-/view,208,69590dfbac72d77f45f3e2bc,663e5a00321da5adaf2f2057
Bangla,চবি বি রিভিউ ক্লাস || বাংলা,2026-01-05,https://www.youtube.com/watch?v=dkY519geL28,dkY519geL28,https://drive.google.com/file/d/1y7qEnlXANgaqzz0rdvhcjgIqms5vqPLe/view,256,695b86c4ac72d77f45f7ac88,663e5a00321da5adaf2f2057
Bangla,বিইউপি FASS বাংলা রিভিউ ক্লাস,2026-01-06,https://www.youtube.com/watch?v=mD_Y1RN9ky8,mD_Y1RN9ky8,https://drive.google.com/file/d/1GuQgtgjtWvIxuVbCjWXy_O68AfXGLufg/view,92,695d0506ac72d77f45fb4105,663e5a00321da5adaf2f2057
Bangla,সাস্ট বি বাংলা রিভিউ ক্লাস,2026-01-11,https://www.youtube.com/watch?v=KhSPE-pc5f4,KhSPE-pc5f4,https://drive.google.com/file/d/1km9ymzrZxWOImzttrcl9IJbZtOPWj0QI/view,77,69635eccac72d77f4505ad51,663e5a00321da5adaf2f2057
Bangla,রাবি এ রিভিউ ক্লাস - বাংলা,2026-01-13,https://www.youtube.com/watch?v=4NPULzvx9Pg,4NPULzvx9Pg,https://drive.google.com/file/d/1ihBFWUAgI81Q_EHSM4bD_i5p_7NohQju/view,371,696601b4161a3d22c1260253,663e5a00321da5adaf2f2057
Bangla, BUP FSSS Review Class - বাংলা,2026-01-15,https://www.youtube.com/watch?v=qXQTZREzouU,qXQTZREzouU,https://drive.google.com/file/d/1FWETMR1sPo61o7B6khUeT6A1ES9_FV9a/view,65,6968ed83161a3d22c12b94d6,663e5a00321da5adaf2f2057
Bangla,জবি বি রিভিউ ক্লাস || বাংলা,2026-01-20,https://www.youtube.com/watch?v=uimNMLPNWM4,uimNMLPNWM4,https://drive.google.com/file/d/1SQLwFHHF5qr8rIFapl-OfDYfyLKgqnZQ/view,333,696f5268161a3d22c13164e6,663e5a00321da5adaf2f2057
Bangla,"ধ্বনি ও বর্ণ, আভিধানিক ক্রম, ব্যাকরণ আলোচ্য বিষয়; অপরিচিতা, সোনার তরী, রবীন্দ্রনাথ ঠাকুর, জীবনানন্দ দাশ, সমার্থক শব্দ",2026-02-06,https://www.youtube.com/watch?v=yl5rhXy3fIE,yl5rhXy3fIE,https://drive.google.com/file/d/1ly7wdQpVnL_plee6sjumSVzICL73ks7X/view,483,6984bef0fdad78ac66781c2f,663e5a00321da5adaf2f2057
Bangla,"ণ-ত্ব ও ষ-ত্ব বিধান, বাংলা বানান, শুদ্ধি-অশুদ্ধি;বিলাসী, প্রতিদান, শরৎচন্দ্র চট্টোপাধ্যায়, জসীম উদ্‌ দীন, বাগধারা",2026-02-07,https://www.youtube.com/watch?v=kQN9noJCR7w,kQN9noJCR7w,https://drive.google.com/file/d/1b03o3-Lbu0DHPJG_jvfqrA7cu9GbtSXr/view,353,6986bcf3fdad78ac667bc6b7,663e5a00321da5adaf2f2057
Bangla,"অক্ষর, উচ্চারণ সূত্র, বঙ্কিমচন্দ্র চট্টোপাধ্যায়, বিভীষণের প্রতি মেঘনাদ;আমার পথ, বিদ্রোহী, কাজী নজরুল ইসলাম, গি দ্য মোপাসাাঁ, প্রবাদ-প্রবচন",2026-02-20,https://www.youtube.com/watch?v=Y-J9lkxn7BU,Y-J9lkxn7BU,https://drive.google.com/file/d/1XexWgOSEs6u6PXuwwYxPgeXrhK3ysxXJ/view,185,6996a4b4917e3d3aa9e58bb3,663e5a00321da5adaf2f2057
Bangla,"সন্ধি, বেগম রোকেয়া সাখাওয়াত হোসেন, সুচেতনা;মানব কল্যাণ, তাহারেই পড়ে মনে, আবুল ফজল, সুফিয়া কামাল",2026-02-21,https://www.youtube.com/watch?v=y3iQG_yLZWw,y3iQG_yLZWw,https://drive.google.com/file/d/1ZsDgM8nawmKVzPpuGVzKgpgvzyAD72Ud/view,198,6997f3c027aae02bd2908c4b,663e5a00321da5adaf2f2057
Bangla,"সমাস, এক কথায় প্রকাশ, পদ্মা;মাসি-পিসি, আঠারো বছর বয়স, মানিক বন্দ্যোপাধ্যায়, সুকান্ত ভট্টাচার্য, বিপরীত শব্দ",2026-02-27,https://www.youtube.com/watch?v=SflcBzCJ0Vs,SflcBzCJ0Vs,https://drive.google.com/file/d/1O-YpvvCElz6gLoH1_6b4cIyZY3k3fqmh/view,202,69a0609e27aae02bd29e7bf2,663e5a00321da5adaf2f2057
Bangla,"ব্যাকরণিক শব্দশ্রেণি, ক্রিয়ার কাল, মাইকেল মধুসূদন দত্ত, নূরলদীনের কথা মনে পড়ে যায়;ফেব্রুয়ারি ১৯৬৯, ছবি, শামসুর রাহমান, অনুবাদ, বাঙ্গালার নব্য লেখকদিগের প্রতি নিবেদন",2026-02-28,https://www.youtube.com/watch?v=fRhtUmD26Tc,fRhtUmD26Tc,https://drive.google.com/file/d/1P12IiwVCAY2RQenlhp1OOP3kKf1R-hqk/view,217,69a1adb127aae02bd2a07c6f,663e5a00321da5adaf2f2057
Bangla,"প্রকৃতি-প্রত্যয়, ফররুখ আহমদ, আখতারুজ্জামান ইলিয়াস ; রেইনকোট, আমি কিংবদন্তির কথা বলছি, আবু জাফর ওবায়দুল্লাহ",2026-03-06,https://www.youtube.com/watch?v=04gZP22gFBM,04gZP22gFBM,https://drive.google.com/file/d/12ZemuWvYhGtbKGQlWzfH2ImjWW19zKy_/view,102,69aa051b82e1342886e31b40,663e5a00321da5adaf2f2057
Bangla,"কারক ও বিভক্তি, সৈয়দ শামসুল হক, গৃহ; শব্দ ও শব্দের শ্রেণিবিভাগ, সৈয়দ ওয়ালীউল্লাহ, আহ্বান ",2026-03-07,https://www.youtube.com/watch?v=eB8xPKFnBqk,eB8xPKFnBqk,https://drive.google.com/file/d/1hsW9kmjQQJ3LYfaxqhmxTNRsKPQv-Qqd/view,105,69ab596282e1342886e4c88d,663e5a00321da5adaf2f2057
Bangla,"ধ্বনি পরিবর্তন, উপসর্গ, পারিভাষিক শব্দ, মহাজাগতিক কিউরেটর, নেকলেস, সিকান্দার আবু জাফর, আবু হেনা মোস্তফা কামাল",2026-03-13,https://www.youtube.com/watch?v=378zaMtXaeA,378zaMtXaeA,https://drive.google.com/file/d/1r8Y3wr2Ett2YIUY-SsdfpJioDCf_3biZ/view,137,69b3451adde0749c0991959c,663e5a00321da5adaf2f2057
Bangla,"বাক্য প্রকরণ, যতি ও ছেদ চিহ্ন, অলংকার, লালসালু, সিরাজউদ্দৌলা",2026-03-14,https://www.youtube.com/watch?v=ijZii_rcKPY,ijZii_rcKPY,https://drive.google.com/file/d/10zjfchVhRkyC7XzigCU9HjEFSYrO6_MV/view,262,69b442badde0749c09929f92,663e5a00321da5adaf2f2057
English,Question Analysis 'English' Master Class - DU,2025-05-26,https://www.youtube.com/watch?v=-j3LORkID_k,-j3LORkID_k,https://drive.google.com/file/d/1qJwgw_7VT_3jZACvPwRD_Ino8Gvpvayu/view,3047,6833f3ecd2e48527a0fde1ce,6641e540134b71648a3a20d4
English,"Question Analysis 'English' Master Class - JnU, KU",2025-06-02,https://www.youtube.com/watch?v=YCqn0b_RO18,YCqn0b_RO18,https://drive.google.com/file/d/1umooa3fX-WHYOOc27DShtCmRzb96imCI/view,1091,683d4fa6d2e48527a0ffaaa1,6641e540134b71648a3a20d4
English,Subject Mapping Class - ENGLISH,2025-08-27,https://www.youtube.com/watch?v=qIZQHyX0xls,qIZQHyX0xls,https://drive.google.com/file/d/19sW4g_RwYM_m61fMieWH5KDQc0s-tA6c/view,1484,68adfee8f1180feccf642223,6641e540134b71648a3a20d4
English,"English Question Analysis Master Class - BUP,JU,GST",2025-09-01,https://www.youtube.com/watch?v=yZVvtwD0VRE,yZVvtwD0VRE,https://drive.google.com/file/d/12u7zpA3ZgflYo6V7vbxbpVQQw4LWH3-p/view,1232,68b48f258b6da040aa3d0acb,6641e540134b71648a3a20d4
English,"ENGLISH Question Analysis - RU, CU, SUST, HSTU, CoU",2025-09-02,https://www.youtube.com/watch?v=t2OnPD1jkjE,t2OnPD1jkjE,https://drive.google.com/file/d/1NhSrCtrol66054-l6_9NzDPyr1GizXao/view,1435,68b66b988b6da040aa423528,6641e540134b71648a3a20d4
English,Basic Sentence Structure,2025-09-08,https://www.youtube.com/watch?v=VQvcy-ibxMY,VQvcy-ibxMY,https://drive.google.com/file/d/1Opjz_N1y3J7zC0Knz6H2PJau3da2J-EP/view,5372,68bdd1769d1eb173343bfd37,6641e540134b71648a3a20d4
English,"Use & Function of Noun, number & gender",2025-09-09,https://www.youtube.com/watch?v=XTqPvrhCTe0,XTqPvrhCTe0,https://drive.google.com/file/d/1PcxsDV_xWbRCcApXyrdCsRzcbMysMjBd/view,5795,68bfa151dd93e04e59966f70,6641e540134b71648a3a20d4
English,Use & Function of Pronoun,2025-09-15,https://www.youtube.com/watch?v=F5BMX541g5U,F5BMX541g5U,https://drive.google.com/file/d/1Qp_SsWkmKIN2D7JCNHdrnEUU4e0BwDHa/view,3659,68c6ea5a5067401a7cfcb03d,6641e540134b71648a3a20d4
English,EFT Unit 01 People or Instituion Making History,2025-09-16,https://www.youtube.com/watch?v=gIqgH8LiXRI,gIqgH8LiXRI,https://drive.google.com/file/d/1RUWuvJfiQaIuZ4zC75n9xL9Bx76MVfiO/view,3166,68c844a65067401a7c0341ab,6641e540134b71648a3a20d4
English,"Basic Written Class 01 - Difference between formal & informal writing. List of formal words & connectors, Paraphrasing. ",2025-09-17,https://www.youtube.com/watch?v=NJ9Eh4FTTrI,NJ9Eh4FTTrI,https://drive.google.com/file/d/14-xQ0XLsNqX5rN8FYuraOg4XVLSW5D6q/view,2216,68c967c55067401a7c07912d,6641e540134b71648a3a20d4
English,Use & Function of Adjective & Adverb,2025-09-22,https://www.youtube.com/watch?v=dK4j_3mOA7g,dK4j_3mOA7g,https://drive.google.com/file/d/1qqfIvVbTvOhZtj8HGPXld807JkUJR76x/view,3116,68d02dd404a3a10194aa5da1,6641e540134b71648a3a20d4
English,"Tense, Verb & Problems with verbs,Preposition",2025-09-23,https://www.youtube.com/watch?v=JxBNPv9H4Hk,JxBNPv9H4Hk,https://drive.google.com/file/d/1lPGWLoVJH_IkUl-C3Iu7CO_lEMUOMzIQ/view,4541,68d20fbde0204241f2c2599f,6641e540134b71648a3a20d4
English,EFT Unit 02 Dreams ,2025-09-29,https://www.youtube.com/watch?v=q6h4dAfR4ec,q6h4dAfR4ec,https://drive.google.com/file/d/1JdpwO11nsvEsdGdc9-pi1SXQsT3eZsfh/view,1798,68d945c736a22597430788d6,6641e540134b71648a3a20d4
English,Voice,2025-09-30,https://www.youtube.com/watch?v=ycV4mhqG9OY,ycV4mhqG9OY,https://drive.google.com/file/d/1Jti05QohUcCF92a2HQRHbJ0Xd6pt2_0I/view,2742,68db32f336a22597430e4381,6641e540134b71648a3a20d4
English,"Basic Written Class 02 - Sentence Patterns and changing of sentences, Paraphrasing.",2025-10-05,https://www.youtube.com/watch?v=8ahacNJvQWk,8ahacNJvQWk,https://drive.google.com/file/d/1ixwebiXzr0k-0LPgJJyHdVs-NFf5NA7d/view,1718,68e14f3536a2259743224cc1,6641e540134b71648a3a20d4
English,EFT Unit 03 Lifestyle,2025-10-06,https://www.youtube.com/watch?v=U2ePdk1GjgQ,U2ePdk1GjgQ,https://drive.google.com/file/d/1Eln8dzglN18yHN5TUafSU1xRCtIh2zYw/view,1272,68e278b036a225974325bb2e,6641e540134b71648a3a20d4
English,Narration,2025-10-07,https://www.youtube.com/watch?v=i40XFA-P41Q,i40XFA-P41Q,https://drive.google.com/file/d/1UC5LalFETVA1H7ckAQrGLxB5UKjst9qL/view,1943,68e4725836a22597432ddeec,6641e540134b71648a3a20d4
English,"Basic Written 03 - Process of academic writing. How to write topic sentence, descriptive & conclusion.",2025-10-12,https://www.youtube.com/watch?v=tf2JC1BGbF4,tf2JC1BGbF4,https://drive.google.com/file/d/1aX0GdiaUnLyBSNK_MSAAstO9lP3AIG8Q/view,1221,68ea93fd36a225974344cabf,6641e540134b71648a3a20d4
English,EFT Unit 04 Adolescence,2025-10-13,https://www.youtube.com/watch?v=bB2qdtTi6SE,bB2qdtTi6SE,https://drive.google.com/file/d/1lzOFJrjL3us1YK4Cdpzm4zgQIvPZWyI-/view,1117,68ebd80e36a22597434a04cd,6641e540134b71648a3a20d4
English,Right forms of verbs,2025-10-14,https://www.youtube.com/watch?v=V1WVlVtSfu8,V1WVlVtSfu8,https://drive.google.com/file/d/11c_wHsF7p8hQ5FhestI-_8wvRyREYd9H/view,2656,68ed3c7136a22597434f1f19,6641e540134b71648a3a20d4
English,"Basic Written 04 - Different types of paragraphs; Narrative, Comparison, Argumentative Paragraph",2025-10-19,https://www.youtube.com/watch?v=nE-NdKLEBsA,nE-NdKLEBsA,https://drive.google.com/file/d/1M22JjV7wvJxt46skGfGQ4FD-S81HI-dI/view,847,68f4443664d7336142f979ae,6641e540134b71648a3a20d4
English,EFT Unit 05 Youthful Achievers,2025-10-20,https://www.youtube.com/watch?v=stTL8Zi09BQ,stTL8Zi09BQ,https://drive.google.com/file/d/1J74p6KTxA-YiusvDHBkW6miP3H_6HRVy/view,995,68f5427264d7336142feb611,6641e540134b71648a3a20d4
English,ENG Review Class 01(Lec 1-4),2025-10-20,https://www.youtube.com/watch?v=ssMhLSRZV9o,ssMhLSRZV9o,,979,68f4e1bb64d7336142fc5b5b,6641e540134b71648a3a20d4
English,Subject Verb Agreement,2025-10-21,https://www.youtube.com/watch?v=hRDaoxKeoJc,hRDaoxKeoJc,https://drive.google.com/file/d/1IUKBNe43TSU_ROAK-cy9N3g_V7sLwGWf/view,2079,68f6771f1b3a6fdc3fec5455,6641e540134b71648a3a20d4
English,English Written Review Class 01,2025-10-26,https://www.youtube.com/watch?v=G6Rt0YeYihg,G6Rt0YeYihg,,421,68fd00711b3a6fdc3f0a3267,6641e540134b71648a3a20d4
English,EFT Unit 06 Relationship,2025-10-27,https://www.youtube.com/watch?v=cs2aBYg5pP8,cs2aBYg5pP8,https://drive.google.com/file/d/11gqApDVUBRMihsX97Inua87mXaLrY2ub/view,887,68fe3bf11b3a6fdc3f0f68af,6641e540134b71648a3a20d4
English,English Review Class 02; Lec 05-08,2025-10-27,https://www.youtube.com/watch?v=fShXflF1OTU,fShXflF1OTU,,389,68fe38811b3a6fdc3f0f21d7,6641e540134b71648a3a20d4
English,"Clause, Phrase & Conditionals",2025-10-28,https://www.youtube.com/watch?v=xqzs4UDjUzc,xqzs4UDjUzc,https://drive.google.com/file/d/1Ti5KQjff8W23mTICcG3N-0u_Zgc5tm-c/view,1903,690019bd2f09571e340be86a,6641e540134b71648a3a20d4
English,"Written Class Based on Unit 01,02 ",2025-11-02,https://www.youtube.com/watch?v=KCAy6XXe_tE,KCAy6XXe_tE,https://drive.google.com/file/d/1Jbpq9YG8Ij340BjpzvuENKAZ7dqwg4by/view,655,69064b612f09571e34250b64,6641e540134b71648a3a20d4
English,"Transformation of Sentence, Tag Questions, Comparison of Degree",2025-11-03,https://www.youtube.com/watch?v=ysNvxxnIWac,ysNvxxnIWac,https://drive.google.com/file/d/1NcsDw-K_kuRalAAyFu9nZb9RA6etio9e/view,1331,690791ec2f09571e342a6cbe,6641e540134b71648a3a20d4
English,ENG Review Class 03(Lec 9-12),2025-11-03,https://www.youtube.com/watch?v=2hHCqczHbXw,2hHCqczHbXw,,342,690791422f09571e342a6992,6641e540134b71648a3a20d4
English,"EFT Unit 07 & 09 - Human Rights, Tours and Travels ",2025-11-04,https://www.youtube.com/watch?v=exwcuPn9EA0,exwcuPn9EA0,https://drive.google.com/file/d/1tREI3qaOekRGpyxepv5KLyyHHikxok5e/view,1161,6908ca812f09571e342f38d3,6641e540134b71648a3a20d4
English,"Written Class Based on Unit 04,05,06",2025-11-09,https://www.youtube.com/watch?v=cHLVOmspN6Y,cHLVOmspN6Y,https://drive.google.com/file/d/1jf3aI6s3-Q3p1FzZgOAFLr_JmZx8kVHg/view,398,691008fe2f09571e34483ae7,6641e540134b71648a3a20d4
English,"Causative, Dangling Modifiers, Subjunctive, Pos-Neg Agreement",2025-11-10,https://www.youtube.com/watch?v=3Ync-K8nHSg,3Ync-K8nHSg,https://drive.google.com/file/d/13nn3jvJmjALwbvvCZ0PPOsja86W721XT/view,1169,69115aa7e7560557882cb6bd,6641e540134b71648a3a20d4
English,EFT Unit 12 Education and Life & Text other Units (Full Syllabus),2025-11-11,https://www.youtube.com/watch?v=z5_6NBORMr8,z5_6NBORMr8,https://drive.google.com/file/d/1p_Q76SnY4bGLdmtpZ6UjkVywGHvO58sU/view,1140,6912a9e0e75605578831ef22,6641e540134b71648a3a20d4
English,"English Written Class Based on Unit 07, 09, 12 & The rest",2025-11-16,https://www.youtube.com/watch?v=9MxAAsJkvsQ,9MxAAsJkvsQ,https://drive.google.com/file/d/1PJfT4hcL6lyLxpdHoUtaAofudHq4gem3/view,262,6918af66417256471e2184e6,6641e540134b71648a3a20d4
English,"One word substitution, Foreign phrases and expressions",2025-11-17,https://www.youtube.com/watch?v=mHenunSN_4E,mHenunSN_4E,https://drive.google.com/file/d/1O9HW7x1nCugPHh0tbDx18Cz4WDryB4Go/view,1349,691a7ef8417256471e27fdb1,6641e540134b71648a3a20d4
English,English Review Class 04 (Lecture 13-16),2025-11-17,https://www.youtube.com/watch?v=Jos9MGPjG4E,Jos9MGPjG4E,,191,691a7bf2417256471e27f551,6641e540134b71648a3a20d4
English,Language & Literary Devices,2025-11-18,https://www.youtube.com/watch?v=40ivaNaKkVg,40ivaNaKkVg,https://drive.google.com/file/d/1lTn8lZ7YAd09LUSl_zM1VJs7mLsPIe5j/view,1240,691bd5b5417256471e2d1949,6641e540134b71648a3a20d4
English,Literature,2025-11-22,https://www.youtube.com/watch?v=ZcEJ7iaHp5A,ZcEJ7iaHp5A,https://drive.google.com/file/d/1vI312k5nyW6gA7kN8LQiCTsnmSJFaehi/view,1047,69212966417256471e40a1e1,6641e540134b71648a3a20d4
English,English Written Class : Poem,2025-11-23,https://www.youtube.com/watch?v=6A4BNMhs3Cs,6A4BNMhs3Cs,https://drive.google.com/file/d/1lYnnEhtmRJtq95dYUvrRriXmoUJruyuV/view,729,69226f11417256471e44ecb5,6641e540134b71648a3a20d4
English,"English Written Class on Clause Test, With Clues,Without Clues & Passage",2025-11-24,https://www.youtube.com/watch?v=8LcR_WS69ug,8LcR_WS69ug,https://drive.google.com/file/d/1rXoj7ZJUxBDF8BODIyx0nDjQV8fplWD5/view,650,6923d23b417256471e49e91c,6641e540134b71648a3a20d4
English,ঢাকা বিশ্ববিদ্যালয় সি ইউনিট (বিভাগ পরিবর্তন - মানবিক)। আইসিটি এবং অর্থনীতি,2025-11-30,https://www.youtube.com/watch?v=j_b1VBwz7Xo,j_b1VBwz7Xo,https://drive.google.com/file/d/1Y1r80bbf7jixNVwxhjGHdSmZey64evee/view,514,692b0e691ca1f2ae346767af,6641e540134b71648a3a20d4
English,Special Class on Passage Comprehension,2025-12-14,https://www.youtube.com/watch?v=XW78P2EU8sY,XW78P2EU8sY,https://drive.google.com/file/d/1K8k0Q_Bq1ooMrymh1uGmUmzS-PInWHa7/view,578,693ec4c4054954366bf62498,6641e540134b71648a3a20d4
English,KU Special English Written Class,2025-12-15,https://www.youtube.com/watch?v=VmgjIbsFV2g,VmgjIbsFV2g,https://drive.google.com/file/d/1n2I_NzphGvidxqh5_mAoLLLi1CYszZvU/view,422,693ff054054954366bf8c1be,6641e540134b71648a3a20d4
English,CU D Review Class || ENGLISH,2025-12-28,https://www.youtube.com/watch?v=paZyborLDA8,paZyborLDA8,https://drive.google.com/file/d/1Eq99FcuxZBeC3OzzJtvViKqP3YU1tjTc/view,367,6950d4f1ac72d77f45e73006,6641e540134b71648a3a20d4
English,JnU D Review Class || ENGLISH,2026-01-04,https://www.youtube.com/watch?v=AJCiuxAq5EM,AJCiuxAq5EM,https://drive.google.com/file/d/12tXfMiROkg40EDjKCZP4Qa940Ta06zoS/view,259,695a461eac72d77f45f5cea5,6641e540134b71648a3a20d4
English,CU B Review Class || ENGLISH,2026-01-06,https://www.youtube.com/watch?v=lGo7s2S6k2c,lGo7s2S6k2c,https://drive.google.com/file/d/1Rwmo1V8LnVZfVC2c9S867XP6LXhZICLS/view,279,695bf374ac72d77f45f929d3,6641e540134b71648a3a20d4
English,BUP FASS ENGLISH Review Class,2026-01-08,https://www.youtube.com/watch?v=QNCGHZi5ySQ,QNCGHZi5ySQ,,72,695f7538ac72d77f45009739,6641e540134b71648a3a20d4
English,SUST B ENGLISH Review Class,2026-01-11,https://www.youtube.com/watch?v=vq9oi7m_pNk,vq9oi7m_pNk,https://drive.google.com/file/d/12Y0qBaP9Y3JrJRHQyG40M6OBpjiCl4KP/view,78,69635b6fac72d77f4505a7cb,6641e540134b71648a3a20d4
English,RU ENGLISH Review Class,2026-01-12,https://www.youtube.com/watch?v=nyMQyDKuZHY,nyMQyDKuZHY,https://drive.google.com/file/d/1cpTQI8PW7RhNiijenjZ5MxEjDmdGfAhU/view,540,6963d22bac72d77f4506cd4b,6641e540134b71648a3a20d4
English,BUP FSSS ENGLISH Review Class,2026-01-16,https://www.youtube.com/watch?v=DCgEfpg8iI4,DCgEfpg8iI4,https://drive.google.com/file/d/10aBlW_aKNlR6iYpXL51kOIQG8cgUPb5T/view,70,6969e428161a3d22c12ca821,6641e540134b71648a3a20d4
English,JnU B ENGISH Review Class,2026-01-21,https://www.youtube.com/watch?v=mYOl6AuB9rw,mYOl6AuB9rw,https://drive.google.com/file/d/1GC1SlJeJCh8sMp0o7cMXnYl61Vn8c8Q8/view,402,6970e161161a3d22c1336384,6641e540134b71648a3a20d4
English,Passage,2026-02-16,https://www.youtube.com/watch?v=ti237OSpkFo,ti237OSpkFo,https://drive.google.com/file/d/14nz9VBr5qRCvf71wJsy5uFiBEd7b63xl/view,342,699297c6917e3d3aa9dde995,6641e540134b71648a3a20d4
English,Vocabs & Meaning Based Vocabs,2026-02-17,https://www.youtube.com/watch?v=ygQGPf6FCu4,ygQGPf6FCu4,https://drive.google.com/file/d/1TnVPmODL6daOIdiHIFqigxzy5UEiBLi8/view,440,69934a8c917e3d3aa9dfbbda,6641e540134b71648a3a20d4
English,Parts of Speech (Noun & Pronoun),2026-02-25,https://www.youtube.com/watch?v=BwmSILOrtjU,BwmSILOrtjU,https://drive.google.com/file/d/1jWw2OlFZSf90y0wjlqcq7Pq_70JKfn_1/view,353,699e2eb427aae02bd29a676b,6641e540134b71648a3a20d4
English,"Parts of Speech (Adjective,Adverb  & Preposition)",2026-02-26,https://www.youtube.com/watch?v=bbeO61KUSCk,bbeO61KUSCk,https://drive.google.com/file/d/165h68ST76xlVa0DY4h1lyEUWt7pUd_JC/view,209,699f7dbe27aae02bd29cd27c,6641e540134b71648a3a20d4
English,"One Word Substitution, Analogy",2026-03-02,https://www.youtube.com/watch?v=nH527G0Quu0,nH527G0Quu0,https://drive.google.com/file/d/1qdVz4lmKyeRqPUwExG1aMPgIsis7NK1b/view,216,69a4b8b327aae02bd2a425dc,6641e540134b71648a3a20d4
English,"Tense, Voice, Narration",2026-03-03,https://www.youtube.com/watch?v=JR67_g2LuJs,JR67_g2LuJs,https://drive.google.com/file/d/17ICs7nQdxvTWQJknC-LOdNyBrCojvNp1/view,267,69a618fa27aae02bd2a5ef79,6641e540134b71648a3a20d4
English,Right Form of Verbs,2026-03-09,https://www.youtube.com/watch?v=oq8tNUUK6Xc,oq8tNUUK6Xc,https://drive.google.com/file/d/1LheTc3lpwC9inYV4LpSnA2eOBV3bNJRM/view,279,69adfe970236d9ce8b4793b6,6641e540134b71648a3a20d4
English,Sentence Correction 01,2026-03-10,https://www.youtube.com/watch?v=uptlEXFxgJ8,uptlEXFxgJ8,https://drive.google.com/file/d/1U65bB3o8pAZNeIAECpRzsp2z9fsWsMnm/view,207,69af503fdde0749c098d0a2e,6641e540134b71648a3a20d4
English,Subject Verb Agreement,2026-03-16,https://www.youtube.com/watch?v=HJ-Crs2pSdg,HJ-Crs2pSdg,https://drive.google.com/file/d/17CRzY4bvLCKgQ9G4-GOs_9l56wDm9FfB/view,186,69b70630dde0749c09957136,6641e540134b71648a3a20d4
English,Sentence Correction 02,2026-03-17,https://www.youtube.com/watch?v=FdKEflSDrU0,FdKEflSDrU0,https://drive.google.com/file/d/1r7XpFfWLOfQnOdJ-2iL0IHCHmEVAPcyf/view,330,69b8d75fdde0749c0996e3e5,6641e540134b71648a3a20d4
General Knowledge (GK),প্রশ্ন বিশ্লেষণ 'সাধারণ জ্ঞান' মাস্টার ক্লাস - ঢাকা বিশ্ববিদ্যালয়,2025-05-21,https://www.youtube.com/watch?v=K_bEwBa3sEc,K_bEwBa3sEc,https://drive.google.com/file/d/1uiV5zKOlTFz-rmDVOilna4Cp-5BOLdHW/view,2325,682d62e1035d22330f620583,66421403134b71648a3a2e1d
General Knowledge (GK),"প্রশ্ন বিশ্লেষণ 'সাধারণ জ্ঞান' মাস্টার ক্লাস - জবি, খুবি",2025-05-28,https://www.youtube.com/watch?v=NCd70cx-bgY,NCd70cx-bgY,https://drive.google.com/file/d/1qxGZIkQZAMu5alAOu-yquhCtJ9ceeG__/view,1391,68369397d2e48527a0fe69c3,66421403134b71648a3a2e1d
General Knowledge (GK),"সাধারন জ্ঞান প্রশ্ন বিশ্লেষণ মাস্টার ক্লাস - রাবি, চবি, জাবি, কুবি",2025-09-03,https://www.youtube.com/watch?v=PQSGRiFO4Zk,PQSGRiFO4Zk,https://drive.google.com/file/d/1oU7Ybgcz-prfh4FcE94ylQiIG7NByWMB/view,1297,68b726c08b6da040aa451892,66421403134b71648a3a2e1d
General Knowledge (GK),"সাধারন জ্ঞান প্রশ্ন বিশ্লেষণ মাস্টার ক্লাস - বিইউপি, গুচ্ছ, শাবিপ্রবি,হাবিপ্রবি",2025-09-04,https://www.youtube.com/watch?v=qIXnVSJoFYY,qIXnVSJoFYY,https://drive.google.com/file/d/1w9mJXGFTjyDcNOd4-3Shr8aTHyARrnJw/view,987,68b88d94a13b40dcb0ead3ea,66421403134b71648a3a2e1d
General Knowledge (GK),মানচিত্র বুঝবো কীভাবে?  মহাদেশ ও মহাসাগর,2025-09-10,https://www.youtube.com/watch?v=CnyRP9NmBh4,CnyRP9NmBh4,,3872,68c04cc8dd93e04e599ac34a,66421403134b71648a3a2e1d
General Knowledge (GK),"এশিয়া মহাদেশ- দেশ, প্রণালি, দ্বীপ ও অঞ্চল পরিচিতি",2025-09-11,https://www.youtube.com/watch?v=AyC--mblcOo,AyC--mblcOo,https://drive.google.com/file/d/1BtBeS9Cy0WLMYO0b9T8UmY5NLI3-eo3Q/view,3545,68c1a483fc62a7e8e6c28a3f,66421403134b71648a3a2e1d
General Knowledge (GK),"আফ্রিকা, ইউরোপ মহাদেশ- দেশ, প্রণালি, দ্বীপ ও অঞ্চল পরিচিতি",2025-09-17,https://www.youtube.com/watch?v=qEK5OE5PKmk,qEK5OE5PKmk,https://drive.google.com/file/d/1yAehia913bfNJ74kx4120X9gVECJgfEA/view,2219,68c94dd25067401a7c06cdac,66421403134b71648a3a2e1d
General Knowledge (GK),"উত্তর ও দক্ষিণ আমেরিকা, ওশেনিয়া- দেশ, প্রণালি, দ্বীপ ও অঞ্চল পরিচিতি",2025-09-18,https://www.youtube.com/watch?v=HJRIe9RNcsg,HJRIe9RNcsg,https://drive.google.com/file/d/1BsLCA7vv-ElK3vrUy_CZM6t6krs9TxhD/view,1703,68cad91c6fbe260c80ad96d9,66421403134b71648a3a2e1d
General Knowledge (GK),"বায়ুমণ্ডল, মহাবিশ্ব ও পৃথিবীর আবর্তন",2025-09-24,https://www.youtube.com/watch?v=0DUBKmxmSIs,0DUBKmxmSIs,https://drive.google.com/file/d/1RhEHSADRoRe4w8CEAJkq8TuaLDl37DXm/view,3111,68d23e39e0204241f2c2e719,66421403134b71648a3a2e1d
General Knowledge (GK),ভূগোল ১ম পত্র+২য় পত্র,2025-09-28,https://www.youtube.com/watch?v=eR3VwQzytBE,eR3VwQzytBE,https://drive.google.com/file/d/1Pr_6UyW7-9NN61T9LHKxDSFSL3da94Az/view,2908,68d831130d784d4be34df788,66421403134b71648a3a2e1d
General Knowledge (GK),"বাংলাদেশের পরিচয়, মানচিত্র ও সীমান্ত পরিচয়, প্রশাসনিক ইউনিট ও নানা ভৌগলিক উপনাম",2025-10-01,https://www.youtube.com/watch?v=MA8v1oVg3Gg,MA8v1oVg3Gg,https://drive.google.com/file/d/1iaw2NlugdkjGU0Sc4t5vO--BAbjvXC1u/view,2412,68dc866836a225974312059e,66421403134b71648a3a2e1d
General Knowledge (GK),"বাংলাদেশের ভূ-প্রকৃতি, নদ-নদী, সমুদ্রসীমা, সমুদ্র, জলবায়ু ও দুর্যোগ",2025-10-05,https://www.youtube.com/watch?v=jGUjCRdX2pM,jGUjCRdX2pM,https://drive.google.com/file/d/1SpjnUz8b1XVt7j2ehWcct6Tx4UsmhXmF/view,2300,68e1404936a2259743220193,66421403134b71648a3a2e1d
General Knowledge (GK),সমাজবিজ্ঞান,2025-10-08,https://www.youtube.com/watch?v=8F4ijFtMhsA,8F4ijFtMhsA,https://drive.google.com/file/d/1TI0QlDqlrMeRGc663aEugPUsKgUCyOvX/view,1741,68e50d5a36a2259743301562,66421403134b71648a3a2e1d
General Knowledge (GK),প্রাচীন বাংলার ইতিহাস (আদিপর্ব থেকে বঙ্গভঙ্গ হয়ে দেশভাগ),2025-10-09,https://www.youtube.com/watch?v=iwCAYby1dGw,iwCAYby1dGw,https://drive.google.com/file/d/1qPzAQcVUEey2UMgEbw7ETigkKTy8hThI/view,2485,68e63a6e36a225974333f87e,66421403134b71648a3a2e1d
General Knowledge (GK),"GKS - গেরিলা, গোয়েন্দা, নানা পরিভাষা, নৃতত্ত্ব, জাতিগোষ্ঠী, দিবস ও বর্ষ,  তত্ত্ব ও শাস্ত্রের জনক, ব্যক্তিত্ব ও উক্তি, পুরস্কার",2025-10-12,https://www.youtube.com/watch?v=njq6sBfx_sI,njq6sBfx_sI,https://drive.google.com/file/d/1N7xPtTpuo6OkLlcvXRJ4E_EbJdSS4l-d/view,2159,68eb144036a225974345a471,66421403134b71648a3a2e1d
General Knowledge (GK),বাংলা ও বাংলাদেশের ইতিহাস (দেশভাগ থেকে  ভাষা আর অসহযোগ আন্দোলন হয়ে মুক্তিযুদ্ধ),2025-10-15,https://www.youtube.com/watch?v=S1Od1RHUqiw,S1Od1RHUqiw,https://drive.google.com/file/d/1W6qoUd6fhWvXZ-y_nexAFb7G1JmK7XPc/view,1507,68ee6b8a64d7336142e5fe73,66421403134b71648a3a2e1d
General Knowledge (GK),আইসিটি-১,2025-10-16,https://www.youtube.com/watch?v=WFIWKSEeoeM,WFIWKSEeoeM,https://drive.google.com/file/d/1qwaxYjidCNdxEA6nCMbDBnT4tujUhSuG/view,1389,68efd56b64d7336142eae663,66421403134b71648a3a2e1d
General Knowledge (GK),"GKS 02 - দর্শন, মনোবিজ্ঞান ও ধর্ম, বাংলাদেশ ও পৃথিবীর প্রত্নতত্ত্ব",2025-10-19,https://www.youtube.com/watch?v=5kW0rMmTzMU,5kW0rMmTzMU,https://drive.google.com/file/d/16l1ZFfWZN-Rz5huVJ06pLCyuKfgQPe6h/view,1222,68f388a964d7336142f70551,66421403134b71648a3a2e1d
General Knowledge (GK),"পৃথিবী ও প্রাচীন সভ্যতার ইতিহাস, বিভিন্ন বিপ্লব",2025-10-22,https://www.youtube.com/watch?v=ntJaey4n_z8,ntJaey4n_z8,https://drive.google.com/file/d/17ZBV8QBGas6zCXuMksIdNal8Dabz9aSO/view,1389,68f78bd91b3a6fdc3ff06216,66421403134b71648a3a2e1d
General Knowledge (GK),সাধারণ জ্ঞান রিভিউ ক্লাস ০১,2025-10-22,https://www.youtube.com/watch?v=I7hH8cQs2EM,I7hH8cQs2EM,,516,68f78ac61b3a6fdc3ff0591a,66421403134b71648a3a2e1d
General Knowledge (GK),"প্রথম বিশ্বযুদ্ধ ও জাতিপুঞ্জ, দ্বিতীয় বিশ্বযুদ্ধ ও জাতিসংঘ, স্নায়ুযুদ্ধ ও অন্যান্য যুদ্ধ",2025-10-23,https://www.youtube.com/watch?v=EuVJq0qZNq8,EuVJq0qZNq8,https://drive.google.com/file/d/10XdLUZln7VpIDA4rfO2BtXCj3XNSa3to/view,1694,68f90af41b3a6fdc3ff8dd68,66421403134b71648a3a2e1d
General Knowledge (GK),"GKS 03 - পৃথিবীর শিল্প, সাহিত্য, সংস্কৃতি, পুরস্কার, সংবাদপত্র, সংবাদমাধ্যম ও খেলাধুলা ",2025-10-26,https://www.youtube.com/watch?v=ew0Xb4TB1Ys,ew0Xb4TB1Ys,https://drive.google.com/file/d/1VbHuttrUhv8FdC5QU6geXIJYp2W2R_YT/view,1444,68fd0bed1b3a6fdc3f0a63a8,66421403134b71648a3a2e1d
General Knowledge (GK),যুক্তিবিদ্যা,2025-10-29,https://www.youtube.com/watch?v=GXYeO8taIJw,GXYeO8taIJw,https://drive.google.com/file/d/1x62-4DOgjyIWAzdUhOZHTabnPclpRieS/view,1026,6900e1442f09571e340f91d6,66421403134b71648a3a2e1d
General Knowledge (GK),সাধারণ জ্ঞান রিভিউ ক্লাস ০২ (লেকচার ৫-৮),2025-10-29,https://www.youtube.com/watch?v=76-V5BP_xsg,76-V5BP_xsg,,354,6900dc162f09571e340f7231,66421403134b71648a3a2e1d
General Knowledge (GK),"বিশ্বের নানা চুক্তি , বিরোধপূর্ণ অঞ্চল ও বিরোধের ইতিবৃত্ত",2025-10-30,https://www.youtube.com/watch?v=UPNu7Hh9OcM,UPNu7Hh9OcM,https://drive.google.com/file/d/1KsAp3bYF6RSSSST641nDOAKlyEWN9egm/view,1335,6902217b2f09571e34142b4f,66421403134b71648a3a2e1d
General Knowledge (GK),"GKS 04 - বাংলাদেশের শিক্ষা ও জাতীয় বিষয়াবলী , সংস্কৃতি, ব্যক্তিত্ব, পুরস্কার, খেলাধুলা",2025-11-02,https://www.youtube.com/watch?v=nG4xYLkwcSc,nG4xYLkwcSc,https://drive.google.com/file/d/11vlHubziVWog4OzCPz39d4NIi_GmE1f0/view,1091,69064cca2f09571e34251266,66421403134b71648a3a2e1d
General Knowledge (GK),সাধারণ জ্ঞান রিভিউ ক্লাস ০৩ (লেকচার ৯-১২),2025-11-05,https://www.youtube.com/watch?v=1W-PNMWgtFs,1W-PNMWgtFs,https://drive.google.com/file/d/1tHXzBDuKQo5zyaAmAuwSvaMUNYZXtN5z/view,313,690a36a62f09571e34346297,66421403134b71648a3a2e1d
General Knowledge (GK),আইসিটি-২,2025-11-05,https://www.youtube.com/watch?v=irsavCIr1CM,irsavCIr1CM,https://drive.google.com/file/d/1DXiAeb-1jzniuqr51iCL--02lMuNkhGS/view,697,690a317c2f09571e34344e88,66421403134b71648a3a2e1d
General Knowledge (GK),"পৌরনীতি, সুশাসন ও মূল্যবোধ পরিচিতি, আইন ও আইনের শাসন",2025-11-06,https://www.youtube.com/watch?v=rMeUa4GycOE,rMeUa4GycOE,https://drive.google.com/file/d/1uS0f4cYQ85Pg9BBILgjwtF6jT2oallh1/view,838,690b88cc2f09571e34395d92,66421403134b71648a3a2e1d
General Knowledge (GK),"GKS 05 - বাংলাদেশের জনসংখ্যা ও নৃতাত্ত্বিক সূচক, পরিবহন ও যোগাযোগ, তথ্য ও প্রযুক্তি",2025-11-09,https://www.youtube.com/watch?v=f7LE_JaRTHQ,f7LE_JaRTHQ,https://drive.google.com/file/d/1sqHJebEY2fc3oBm0LQRTVJiI2ZIlbP4y/view,1056,69100f872f09571e344854e4,66421403134b71648a3a2e1d
General Knowledge (GK),সংবিধান ও সরকারের বিভাগসমূহ,2025-11-12,https://www.youtube.com/watch?v=9Rk68iGK1fw,9Rk68iGK1fw,https://drive.google.com/file/d/1yp8Wfe_jiAtHtd2kzrMzKCTW4mhV7S5-/view,1204,691358ffe75605578835862a,66421403134b71648a3a2e1d
General Knowledge (GK),সাধারণ জ্ঞান রিভিউ ক্লাস ০৪ (লেকচার ১৩-১৬),2025-11-12,https://www.youtube.com/watch?v=hyGEJE67w80,hyGEJE67w80,,259,69135813e756055788358034,66421403134b71648a3a2e1d
General Knowledge (GK),"অর্থনীতির মৌলিক ধারণা, চাহিদা, যোগান, উৎপাদন, বাজার ও অন্যান্য",2025-11-13,https://www.youtube.com/watch?v=l9DfLNi01Rg,l9DfLNi01Rg,https://drive.google.com/file/d/1N-L1gltU96AJHDytihdSa3nZsg6lbpMT/view,849,6914aacbe7560557883a66ee,66421403134b71648a3a2e1d
General Knowledge (GK),"GKS 06 - বাংলাদেশের অর্থনীতি, বাজেট, অর্থনৈতিক সমীক্ষা, বাংলাদেশের সম্পদ ও শিল্প",2025-11-16,https://www.youtube.com/watch?v=9DjtFdIQtD8,9DjtFdIQtD8,https://drive.google.com/file/d/1xDRpw_EBDzAC3YI17fkCIIxwldeE8Axc/view,880,69187bb1e75605578845c222,66421403134b71648a3a2e1d
General Knowledge (GK),সাধারণ জ্ঞান রিভিউ ক্লাস ০৫ (লেকচার ১৭-২০),2025-11-19,https://www.youtube.com/watch?v=ro-Pe4rYwPo,ro-Pe4rYwPo,https://drive.google.com/file/d/18U6d_z4-SGse3La0Y45kefWxOZ5kCNsB/view,171,691d113d417256471e3205e5,66421403134b71648a3a2e1d
General Knowledge (GK),"বিশ্ব অর্থনীতি, অর্থনৈতিক প্রতিষ্ঠান ও সংস্থা, ব্যাংক ও বীমা, নতুন অর্থনৈতিক ধারণা, আমদানি রপ্তানি",2025-11-19,https://www.youtube.com/watch?v=1cxTE_cAkD0,1cxTE_cAkD0,https://drive.google.com/file/d/1UsNuVO47okO9atlECQMGfxGN7RtxRUOM/view,905,691d0eb3417256471e3202f8,66421403134b71648a3a2e1d
General Knowledge (GK),অর্থনীতি ,2025-11-20,https://www.youtube.com/watch?v=ewFWvnxd2iU,ewFWvnxd2iU,https://drive.google.com/file/d/1YPRJhoKGMrXfndt0q4A5A8Dskm4PwPjM/view,770,691e8938417256471e37b647,66421403134b71648a3a2e1d
General Knowledge (GK),আইসিটি ,2025-11-23,https://www.youtube.com/watch?v=tyUwoxc-w_Y,tyUwoxc-w_Y,https://drive.google.com/file/d/1WEX4J8YW8Z-Bkpm4fNybLM5RRWddn18w/view,1182,6921da27417256471e43da17,66421403134b71648a3a2e1d
General Knowledge (GK),Quick Recent Annote,2025-12-10,https://www.youtube.com/watch?v=4KSU7tUdZls,4KSU7tUdZls,,1040,693a8158054954366bee619d,66421403134b71648a3a2e1d
General Knowledge (GK),চবি ডি রিভিউ ক্লাস || সাধারণ জ্ঞান,2025-12-27,https://www.youtube.com/watch?v=vmJ_zYncO-8,vmJ_zYncO-8,https://drive.google.com/file/d/1mwT1K8Y0awHDLItjBvAt12mlZ31D1VqN/view,413,694ecece50fd3d4ebb96ba65,66421403134b71648a3a2e1d
General Knowledge (GK),জবি ডি রিভিউ ক্লাস || সাধারণ জ্ঞান,2026-01-04,https://www.youtube.com/watch?v=xZs0hvgg_Ew,xZs0hvgg_Ew,https://drive.google.com/file/d/1grYNMTlaj2dsQLKuT9ey7jqQkw1HUmYK/view,424,6959d7a3ac72d77f45f4e558,66421403134b71648a3a2e1d
General Knowledge (GK),বিইউপি FASS  GK রিভিউ ক্লাস,2026-01-07,https://www.youtube.com/watch?v=AOkm-CYBjoc,AOkm-CYBjoc,,62,695dfd35ac72d77f45fd4f61,66421403134b71648a3a2e1d
General Knowledge (GK),চবি বি রিভিউ ক্লাস || সাধারণ জ্ঞান,2026-01-08,https://www.youtube.com/watch?v=WbcfxR_LA_A,WbcfxR_LA_A,https://drive.google.com/file/d/1CDV4Q5atoLsdEbgx79LFYjOzyGMsqt-_/view,247,695eaf55ac72d77f45ff2de5,66421403134b71648a3a2e1d
General Knowledge (GK),সাস্ট বি রিভিউ ক্লাস - সাধারণ জ্ঞান,2026-01-12,https://www.youtube.com/watch?v=wTI9A9kto8I,wTI9A9kto8I,https://drive.google.com/file/d/1JVvHcoD_ZmEYp3lYOCdfM0Z1CbClhNWf/view,99,6964c441ac72d77f45088ea0,66421403134b71648a3a2e1d
General Knowledge (GK),রাবি এ রিভিউ ক্লাস - জিকে,2026-01-13,https://www.youtube.com/watch?v=jl01dizgZ2c,jl01dizgZ2c,https://drive.google.com/file/d/1CoVkYeimd9zV1sjz5hk4yM1LF0uR4Pz2/view,546,6965c4a0161a3d22c1254f94,66421403134b71648a3a2e1d
General Knowledge (GK),BUP FSSS Review Class - GK,2026-01-15,https://www.youtube.com/watch?v=dO7Kwg2JKyg,dO7Kwg2JKyg,https://drive.google.com/file/d/131p-jO0HuDJcC9lWnQ7cQm_bGoYxMY_j/view,81,69687b53161a3d22c12ac135,66421403134b71648a3a2e1d
General Knowledge (GK),জবি বি রিভিউ ক্লাস || সাধারণ জ্ঞান,2026-01-22,https://www.youtube.com/watch?v=XcUS11Ehz20,XcUS11Ehz20,https://drive.google.com/file/d/1k3WyiPO2CYGaUQmaooYSlS3AK72pdpLt/view,453,6971c173161a3d22c13435a3,66421403134b71648a3a2e1d
General Knowledge (GK),"বাংলাদেশের পরিচয়, ভূপ্রকৃতি, পরিবেশ, জলবায়ু, সম্পদ ও শিল্প",2026-02-04,https://www.youtube.com/watch?v=4S-cQiMGoJU,4S-cQiMGoJU,https://drive.google.com/file/d/1nioG-FajnBr3pajx_pwjdGC-oqflIXw8/view,974,6982c0cafdad78ac6672db85,66421403134b71648a3a2e1d
General Knowledge (GK),"সমাজবিজ্ঞান, যুক্তিবিদ্যা, পৌরনীতি, IQ",2026-02-05,https://www.youtube.com/watch?v=eny5b8NzKbE,eny5b8NzKbE,https://drive.google.com/file/d/1uGNOld2Sg2TLp18VhuZwNaNaTvtSeoi0/view,828,69842615fdad78ac66758c0a,66421403134b71648a3a2e1d
General Knowledge (GK),প্রাচীন বাংলার ইতিহাস-১৯৭১,2026-02-18,https://www.youtube.com/watch?v=cyIrwFutmcU,cyIrwFutmcU,https://drive.google.com/file/d/1ZvsiA6j49bAh5EP-06qQftb6vEoiQGPT/view,376,69957845917e3d3aa9e3068a,66421403134b71648a3a2e1d
General Knowledge (GK),"১৯৭১ পরবর্তী ইতিহাস, সংবিধান, সংসদ ও প্রশাসন",2026-02-19,https://www.youtube.com/watch?v=zGpN6RnRSuI,zGpN6RnRSuI,https://drive.google.com/file/d/18TZkk-i4LQk9Sg6_f0Si2EMXoKu-OIcQ/view,410,69964242917e3d3aa9e48c4e,66421403134b71648a3a2e1d
General Knowledge (GK),"খেলাধুলা, পদক ও পুরস্কার, সাহিত্যকর্ম, চিত্রকর্ম, গুরুত্বপূর্ণ স্থান ও ব্যক্তি",2026-02-23,https://www.youtube.com/watch?v=ZbzITj-XR78,ZbzITj-XR78,https://drive.google.com/file/d/14LWqFy7j8NBBBs3soeFgqGLBKoQwbJrK/view,354,699b398527aae02bd295e4ab,66421403134b71648a3a2e1d
General Knowledge (GK),আন্তর্জাতিক সংস্থা,2026-02-24,https://www.youtube.com/watch?v=1cWNSYB19RU,1cWNSYB19RU,https://drive.google.com/file/d/13zp9ZmMoBZxAU6-asJBxtsC85n49lWBs/view,371,699c7a6e27aae02bd297efb2,66421403134b71648a3a2e1d
General Knowledge (GK),"দ্বন্দ্ব, যুদ্ধ, বিরোধ, বিপ্লব, চুক্তি ও সম্মেলন ",2026-03-04,https://www.youtube.com/watch?v=f-Z6emcAc00,f-Z6emcAc00,https://drive.google.com/file/d/152AZAFs7DRlQE68r2SE9sLHx83P6l_MK/view,316,69a76a6427aae02bd2a79324,66421403134b71648a3a2e1d
General Knowledge (GK),"অর্থনীতি, আইসিটি, ভূগোল, দৈনন্দিন বিজ্ঞান",2026-03-05,https://www.youtube.com/watch?v=TwhokkAg2Js,TwhokkAg2Js,https://drive.google.com/file/d/1tVZET-33A-x3_RpWzL9xtXbkUi_dMwDc/view,338,69a8b89a27aae02bd2a95c63,66421403134b71648a3a2e1d
General Knowledge (GK),"বিভিন্ন তত্ত্ব, পরিভাষা, দিবস, পৃথিবীর বৃহত্তম, ক্ষুদ্রতম, অবকাঠামো, ক্ষুদ্রনৃগোষ্ঠী",2026-03-11,https://www.youtube.com/watch?v=g-TQWHB76gM,g-TQWHB76gM,https://drive.google.com/file/d/1PWhQ8wxibwSofVlL_fbP_8nSpmDJMSKZ/view,272,69b0a2a9dde0749c098e999b,66421403134b71648a3a2e1d
General Knowledge (GK),সাম্প্রতিক,2026-03-15,https://www.youtube.com/watch?v=oybNudB32sU,oybNudB32sU,https://drive.google.com/file/d/1J8QCYs2UqTAhO2SP4XW1eR_pHVotQ08H/view,706,69b56ebfdde0749c0993dd6c,66421403134b71648a3a2e1d
Math and IQ,পাটিগণিত ০১,2025-10-31,https://www.youtube.com/watch?v=Z1ElAYo36U4,Z1ElAYo36U4,https://drive.google.com/file/d/1Fh6H4XazWsuKoYk1icMQ6Nv88ug476qS/view,1704,690361392f09571e3418f98d,66422086134b71648a3a3056
Math and IQ,পাটিগণিত পার্ট – ২,2025-11-01,https://www.youtube.com/watch?v=j9KsN2y55Rg,j9KsN2y55Rg,https://drive.google.com/file/d/13SEUK91Pjy9-n7EUznoUoM8eoZc-Wl-e/view,852,690512612f09571e341fb0da,66422086134b71648a3a3056
Math and IQ,পাটিগণিত ০৩,2025-11-06,https://www.youtube.com/watch?v=A0_FhYIR6aE,A0_FhYIR6aE,https://drive.google.com/file/d/1ObTcfKyU6yeav4A9XK9931cZwB3MjBDs/view,459,690c43b82f09571e343afb86,66422086134b71648a3a3056
Math and IQ,পাটিগণিত ০৪,2025-11-07,https://www.youtube.com/watch?v=3ciaChjvKnc,3ciaChjvKnc,https://drive.google.com/file/d/1S_ePHY_gl3cih6wKyDf4GqrGA38GKZHL/view,328,690f1da32f09571e3445b399,66422086134b71648a3a3056
Math and IQ,বীজগণিত ০১,2025-11-13,https://www.youtube.com/watch?v=Y6owgeFOOkI,Y6owgeFOOkI,https://drive.google.com/file/d/1fOF8v8uX61XOXDRpeoJsaJTrp1KuWe-I/view,519,6914b4d6e7560557883aa64b,66422086134b71648a3a3056
Math and IQ,বীজগণিত ০২,2025-11-18,https://www.youtube.com/watch?v=TinslU76MR4,TinslU76MR4,https://drive.google.com/file/d/1OFmjE6ru_bpg9pexh5uHAlnoptjzsoM3/view,397,691bdcba417256471e2d39f5,66422086134b71648a3a3056
Math and IQ,সমীকরণ | জ‍্যামিতি | ত্রিকোণমিতি,2025-11-29,https://www.youtube.com/watch?v=T7f2CYRk7IA,T7f2CYRk7IA,https://drive.google.com/file/d/1vTp4ZCGsy5Mvatnwri8QM2uOOJMZuvp4/view,406,6929c9631ca1f2ae34631b37,66422086134b71648a3a3056
Math and IQ,আইকিউ ক্লাস ০১,2025-12-13,https://www.youtube.com/watch?v=BZJDreoCHEg,BZJDreoCHEg,https://drive.google.com/file/d/1eHZiinh7Psodu1DsxX3uBGQk9UAO8ICl/view,1400,693d383f054954366bf30072,66422086134b71648a3a3056
Math and IQ,আইকিউ ক্লাস ০২,2025-12-15,https://www.youtube.com/watch?v=i8CqB30GbF0,i8CqB30GbF0,https://drive.google.com/file/d/1Rmd3g4kntzOc4cDCcvXEILaATxA2XMJ-/view,727,693f85b1054954366bf78e6a,66422086134b71648a3a3056
Math and IQ,আইকিউ ক্লাস ০৩,2025-12-16,https://www.youtube.com/watch?v=8IGRoV4Iz80,8IGRoV4Iz80,https://drive.google.com/file/d/1lSiT_18D3GRSZ3O8Q9QpKCy_Ml3hpOtf/view,618,69404aea054954366bfa809e,66422086134b71648a3a3056
Math and IQ,চবি ডি রিভিউ ক্লাস || বিশ্লেষণ দক্ষতা,2025-12-25,https://www.youtube.com/watch?v=mOKrL3SkpC8,mOKrL3SkpC8,https://drive.google.com/file/d/163opwCQfW8iiAI3rF3F5e2hDCTvVmQ-0/view,636,694caa5b3a6467f1bad1458c,66422086134b71648a3a3056
Guideline,Special Session With CEO,2025-08-22,https://www.youtube.com/watch?v=wQixbKW9ISA,wQixbKW9ISA,,1557,68a740c2f1180feccf53dbb5,68a73d46f1180feccf53d13c
Guideline,সাবজেক্ট ম্যাপিং ক্লাস - সাধারণ জ্ঞান,2025-08-25,https://www.youtube.com/watch?v=0l_H4Ul1iPc,0l_H4Ul1iPc,https://drive.google.com/file/d/168wuZsfg_P0oFrwFmKR96Z9tW63Dr1vO/view,1165,68abf85ef1180feccf5e20b0,68a73d46f1180feccf53d13c
Guideline,সাবজেক্ট ম্যাপিং ক্লাস - বাংলা,2025-08-26,https://www.youtube.com/watch?v=kblaj-E_JMc,kblaj-E_JMc,https://drive.google.com/file/d/10meVEyhYrvUsfgIWH3zLDuvL4DXNReMX/view,1466,68aca1d9f1180feccf61225e,68a73d46f1180feccf53d13c
Guideline,Guideline Session with Toppers,2025-08-28,https://www.youtube.com/watch?v=dp8dqIHumpA,dp8dqIHumpA,,1360,68afc12ef1180feccf684ee1,68a73d46f1180feccf53d13c
