Course Name,Folder / Section,Lecture Title,YouTube URL,YouTube Video ID,Google Drive / Notes URL,PDF URL,Other Material URL,Live Class URL,Lock Status,Course ID
সেকেন্ড টাইম 'AIM' ভার্সিটি খ ও বিভাগ পরিবর্তন ইউনিট লাইভ ক্লাস ও এক্সাম কোর্স ২০২৬-২৭,কিভাবে কোর্সটি শেষ হবে ও ক্লাস এবং এক্সাম সিস্টেম দেখুন,লাইভ ও রেকর্ড ক্লাস করার নিয়ম এবং এক্সাম সিস্টেম দেখুন,https://www.youtube.com/watch?v=p8LmiVnknIo,p8LmiVnknIo,,,,,purchased,6a5a31acadc93e04e499bd95
সেকেন্ড টাইম 'AIM' ভার্সিটি খ ও বিভাগ পরিবর্তন ইউনিট লাইভ ক্লাস ও এক্সাম কোর্স ২০২৬-২৭,ওরিয়েন্টেশন ও গাইডলাইন ক্লাস,ওরিয়েন্টেশন ক্লাস,https://www.youtube.com/watch?v=OJOrYi-OPXI,OJOrYi-OPXI,,,,,purchased,6a5a31acadc93e04e499bd95
সেকেন্ড টাইম 'AIM' ভার্সিটি খ ও বিভাগ পরিবর্তন ইউনিট লাইভ ক্লাস ও এক্সাম কোর্স ২০২৬-২৭,লেকচার-০১ টপিক,"English Grammar : Tense, Conditional Sentence, Subjunctive",,,https://drive.google.com/drive/folders/1c4jiCtKMfAg0AxbAF4H_HZVXmE-VM_lG?usp=drive_link,,,https://youtube.com/live/953eZnlTIg4?feature=share,purchased,6a5a31acadc93e04e499bd95
সেকেন্ড টাইম 'AIM' ভার্সিটি খ ও বিভাগ পরিবর্তন ইউনিট লাইভ ক্লাস ও এক্সাম কোর্স ২০২৬-২৭,লেকচার-০১ টপিক,"ব্যাকরণ : ভাষা, ভাষার উৎপত্তি, লিপির উৎপত্তি, ভাষারীতি, ভাষা বিষয়ক গ্রন্থ, শব্দ",https://www.youtube.com/watch?v=VhzvQGWUjsA,VhzvQGWUjsA,https://drive.google.com/drive/folders/1kBFmRY8bCdvUN4DHxkSjUxhZFKIG6fdo?usp=drive_link,,,https://youtube.com/live/VhzvQGWUjsA?feature=share,purchased,6a5a31acadc93e04e499bd95
সেকেন্ড টাইম 'AIM' ভার্সিটি খ ও বিভাগ পরিবর্তন ইউনিট লাইভ ক্লাস ও এক্সাম কোর্স ২০২৬-২৭,লেকচার-০১ টপিক,"বাংলা ১ম পত্র : বাঙ্গালার নব্য লেখকদিগের প্রতি নিবেদন, অপরিচিতা",https://www.youtube.com/watch?v=j8V8R5UkcR0,j8V8R5UkcR0,https://drive.google.com/drive/folders/18yPel5vgmibT6ncm1eQFvgg39cF0Z2zt?usp=drive_link,,,https://youtube.com/live/j8V8R5UkcR0?feature=share,locked,6a5a31acadc93e04e499bd95
সেকেন্ড টাইম 'AIM' ভার্সিটি খ ও বিভাগ পরিবর্তন ইউনিট লাইভ ক্লাস ও এক্সাম কোর্স ২০২৬-২৭,লেকচার-০১ টপিক,English 1st Paper : Unit One: Education and Life,https://www.youtube.com/watch?v=VIkxroK9OIM,VIkxroK9OIM,https://drive.google.com/drive/folders/19yr6m-Tf9vQbhMdVRJZrvTtkytGkbGCE?usp=drive_link,,,https://www.youtube.com/live/VIkxroK9OIM?si=OK0zDS0exI2W8NTB,purchased,6a5a31acadc93e04e499bd95
সেকেন্ড টাইম 'AIM' ভার্সিটি খ ও বিভাগ পরিবর্তন ইউনিট লাইভ ক্লাস ও এক্সাম কোর্স ২০২৬-২৭,লেকচার-০১ টপিক,সাধারণ জ্ঞান : বাংলাদেশের অর্থনীতি,https://www.youtube.com/watch?v=leNz_Cg9Zwg,leNz_Cg9Zwg,https://drive.google.com/drive/folders/1fe77WUmqfx5vVe8ZfY1yu9CjVAVMUOSG?usp=drive_link,,,https://youtube.com/live/leNz_Cg9Zwg?feature=share,purchased,6a5a31acadc93e04e499bd95
সেকেন্ড টাইম 'AIM' ভার্সিটি খ ও বিভাগ পরিবর্তন ইউনিট লাইভ ক্লাস ও এক্সাম কোর্স ২০২৬-২৭,লেকচার-০২ টপিক,"English Grammar : Article, Redundancy, Use of Preposition",https://www.youtube.com/watch?v=DvbTfqjf2m4,DvbTfqjf2m4,https://drive.google.com/drive/folders/1F1l_3XerIUzBnynz4WB9z0P26_GPoiam?usp=drive_link,,,https://youtube.com/live/DvbTfqjf2m4?feature=share,purchased,6a5a31acadc93e04e499bd95
সেকেন্ড টাইম 'AIM' ভার্সিটি খ ও বিভাগ পরিবর্তন ইউনিট লাইভ ক্লাস ও এক্সাম কোর্স ২০২৬-২৭,লেকচার-০২ টপিক,"ব্যাকরণ : ব্যাকরণ ও এর আলোচ্য বিষয়, বর্ণের আভিধানিক ক্রম",https://www.youtube.com/watch?v=qEe9dPHs79U,qEe9dPHs79U,https://drive.google.com/drive/folders/1Cw4kLHBXQLOwLAKJvQfA1Sl40hnlfqyG?usp=drive_link,,,https://youtube.com/live/qEe9dPHs79U?feature=share,purchased,6a5a31acadc93e04e499bd95
সেকেন্ড টাইম 'AIM' ভার্সিটি খ ও বিভাগ পরিবর্তন ইউনিট লাইভ ক্লাস ও এক্সাম কোর্স ২০২৬-২৭,লেকচার-০২ টপিক,"বাংলা ১ম পত্র : সাহিত্যে খেলা, বিলাসী",https://www.youtube.com/watch?v=444V4xv3-Js,444V4xv3-Js,,,,https://youtube.com/live/444V4xv3-Js?feature=share,purchased,6a5a31acadc93e04e499bd95
সেকেন্ড টাইম 'AIM' ভার্সিটি খ ও বিভাগ পরিবর্তন ইউনিট লাইভ ক্লাস ও এক্সাম কোর্স ২০২৬-২৭,লেকচার-০২ টপিক,সাধারণ জ্ঞান : বাংলাদেশের শিল্প ও বাণিজ্য,https://www.youtube.com/watch?v=y71jzOy5_fE,y71jzOy5_fE,https://drive.google.com/drive/folders/1M3UEcHBdqriuBfpf-lDbiWcsHnTHaAfc?usp=drive_link,,,https://youtube.com/live/y71jzOy5_fE?feature=share,purchased,6a5a31acadc93e04e499bd95
সেকেন্ড টাইম 'AIM' ভার্সিটি খ ও বিভাগ পরিবর্তন ইউনিট লাইভ ক্লাস ও এক্সাম কোর্স ২০২৬-২৭,লেকচার-০২ টপিক,English 1st Paper : Unit Two: Art and Craft,https://www.youtube.com/watch?v=S0ltDjcuc0U,S0ltDjcuc0U,,,,,locked,6a5a31acadc93e04e499bd95
সেকেন্ড টাইম 'AIM' ভার্সিটি খ ও বিভাগ পরিবর্তন ইউনিট লাইভ ক্লাস ও এক্সাম কোর্স ২০২৬-২৭,লেকচার-০৩ টপিক,English Grammar : Noun,https://www.youtube.com/watch?v=AdvA3SW9u7g,AdvA3SW9u7g,https://drive.google.com/drive/folders/1TiY-x_PeoKzm6ha6zw53HBVfHbEeR4UP?usp=drive_link,,,https://youtube.com/live/AdvA3SW9u7g?feature=share,purchased,6a5a31acadc93e04e499bd95
সেকেন্ড টাইম 'AIM' ভার্সিটি খ ও বিভাগ পরিবর্তন ইউনিট লাইভ ক্লাস ও এক্সাম কোর্স ২০২৬-২৭,লেকচার-০৩ টপিক,"ব্যাকরণ : ধ্বনি ও বর্ণ, যুক্তবর্ণ ও বর্ণানুক্রম",https://www.youtube.com/watch?v=B-4SLSHFhkc,B-4SLSHFhkc,https://drive.google.com/drive/folders/1_KMnd_2s8V8huiEwgjKNp_OJoaLQuWVi,,,https://youtube.com/live/B-4SLSHFhkc?feature=share,purchased,6a5a31acadc93e04e499bd95
সেকেন্ড টাইম 'AIM' ভার্সিটি খ ও বিভাগ পরিবর্তন ইউনিট লাইভ ক্লাস ও এক্সাম কোর্স ২০২৬-২৭,লেকচার-০৩ টপিক,বাংলা ১ম পত্র : অর্ধাঙ্গী,https://www.youtube.com/watch?v=nUzYWFs2m90,nUzYWFs2m90,,,,,locked,6a5a31acadc93e04e499bd95
সেকেন্ড টাইম 'AIM' ভার্সিটি খ ও বিভাগ পরিবর্তন ইউনিট লাইভ ক্লাস ও এক্সাম কোর্স ২০২৬-২৭,লেকচার-০৩ টপিক,সাধারণ জ্ঞান : বাংলাদেশের সংবিধান,https://www.youtube.com/watch?v=6qPGi5R9ZU4,6qPGi5R9ZU4,https://drive.google.com/drive/folders/1OB41-kKgzvkHeI5umdvtmGs20fsC272F?usp=drive_link,,,https://youtube.com/live/6qPGi5R9ZU4?feature=share,purchased,6a5a31acadc93e04e499bd95
সেকেন্ড টাইম 'AIM' ভার্সিটি খ ও বিভাগ পরিবর্তন ইউনিট লাইভ ক্লাস ও এক্সাম কোর্স ২০২৬-২৭,লেকচার-০৩ টপিক,English 1st Paper : Unit Three: Myths and Literature,https://www.youtube.com/watch?v=wdfmREetnaU,wdfmREetnaU,,,,https://youtube.com/live/wdfmREetnaU?feature=share,locked,6a5a31acadc93e04e499bd95
সেকেন্ড টাইম 'AIM' ভার্সিটি খ ও বিভাগ পরিবর্তন ইউনিট লাইভ ক্লাস ও এক্সাম কোর্স ২০২৬-২৭,লেকচার-০৪ টপিক,"বাংলা ১ম পত্র : জীবন ও বৃক্ষ, গন্তব্য কাবুল",https://www.youtube.com/watch?v=U_lf_3xCxeo,U_lf_3xCxeo,,,,,purchased,6a5a31acadc93e04e499bd95
সেকেন্ড টাইম 'AIM' ভার্সিটি খ ও বিভাগ পরিবর্তন ইউনিট লাইভ ক্লাস ও এক্সাম কোর্স ২০২৬-২৭,লেকচার-০৪ টপিক,"ব্যাকরণ : ধ্বনি উচ্চারণ, ধ্বনি পরিবর্তন",https://www.youtube.com/watch?v=_DGMOgNHpNA,_DGMOgNHpNA,https://drive.google.com/drive/folders/1VQJD-88qju3ziBq3Y_O046YkhbAYyf5z?usp=drive_link,,,https://youtube.com/live/_DGMOgNHpNA?feature=share,purchased,6a5a31acadc93e04e499bd95
সেকেন্ড টাইম 'AIM' ভার্সিটি খ ও বিভাগ পরিবর্তন ইউনিট লাইভ ক্লাস ও এক্সাম কোর্স ২০২৬-২৭,লেকচার-০৪ টপিক,"English Grammar : Number, Gender",https://www.youtube.com/watch?v=eXR8q17Xxa4,eXR8q17Xxa4,https://drive.google.com/drive/folders/1q5qgEKDRWCy3dlPIAFJQ8vuavRpVVp13?usp=drive_link,,,https://youtube.com/live/eXR8q17Xxa4?feature=share,purchased,6a5a31acadc93e04e499bd95
সেকেন্ড টাইম 'AIM' ভার্সিটি খ ও বিভাগ পরিবর্তন ইউনিট লাইভ ক্লাস ও এক্সাম কোর্স ২০২৬-২৭,লেকচার-০৪ টপিক,"সাধারণ জ্ঞান : জনসংখ্যা, আদমশুমারি, জাতিগোষ্ঠী ও উপজাতি, বাংলাদেশের কৃষিজ সম্পদ, জিআই পণ্য",https://www.youtube.com/watch?v=H0JAUC5I1jk,H0JAUC5I1jk,https://drive.google.com/drive/folders/1XsmTgporrrinV9jRATRzUcuhw5vjEzO7?usp=drive_link,,,https://youtube.com/live/H0JAUC5I1jk?feature=share,purchased,6a5a31acadc93e04e499bd95
সেকেন্ড টাইম 'AIM' ভার্সিটি খ ও বিভাগ পরিবর্তন ইউনিট লাইভ ক্লাস ও এক্সাম কোর্স ২০২৬-২৭,লেকচার-০৪ টপিক,English 1st Paper : Unit Four: History,https://www.youtube.com/watch?v=h3Cv2xAb-gA,h3Cv2xAb-gA,,,,https://youtube.com/live/h3Cv2xAb-gA?feature=share,locked,6a5a31acadc93e04e499bd95
সেকেন্ড টাইম 'AIM' ভার্সিটি খ ও বিভাগ পরিবর্তন ইউনিট লাইভ ক্লাস ও এক্সাম কোর্স ২০২৬-২৭,লেকচার-০৫ টপিক,"বাংলা ১ম পত্র : মাসি পিসি, কপিলদাস মুর্মুর শেষ কাজ",https://www.youtube.com/watch?v=Jn_ylywQBjc,Jn_ylywQBjc,https://drive.google.com/file/d/1QIxTUUUWNLPjeSct6rHxESx-VgzgKLQ4/view?usp=drive_link,,,https://youtube.com/live/Jn_ylywQBjc?feature=share,locked,6a5a31acadc93e04e499bd95
সেকেন্ড টাইম 'AIM' ভার্সিটি খ ও বিভাগ পরিবর্তন ইউনিট লাইভ ক্লাস ও এক্সাম কোর্স ২০২৬-২৭,লেকচার-০৫ টপিক,"ব্যাকরণ : ণ-ত্ব ও ষ-ত্ব বিধান, বানান শুদ্ধিকরণ, উপসর্গ-অনুসর্গ",https://www.youtube.com/watch?v=eOs6_LWUTqI,eOs6_LWUTqI,https://drive.google.com/drive/folders/1qsiSfv-RIOB1KWcV-ubJDfp5hVOls5Fi?usp=drive_link,,,https://youtube.com/live/eOs6_LWUTqI?feature=share,purchased,6a5a31acadc93e04e499bd95
সেকেন্ড টাইম 'AIM' ভার্সিটি খ ও বিভাগ পরিবর্তন ইউনিট লাইভ ক্লাস ও এক্সাম কোর্স ২০২৬-২৭,লেকচার-০৫ টপিক,"English Grammar : Pronoun, Adjective, Adverb",https://www.youtube.com/watch?v=W6VDGjct-SA,W6VDGjct-SA,https://drive.google.com/drive/folders/1Aau0J7BvfXe5E6-V_Au7_OkPRrl7vV12?usp=drive_link,,,https://youtube.com/live/W6VDGjct-SA?feature=share,purchased,6a5a31acadc93e04e499bd95
সেকেন্ড টাইম 'AIM' ভার্সিটি খ ও বিভাগ পরিবর্তন ইউনিট লাইভ ক্লাস ও এক্সাম কোর্স ২০২৬-২৭,লেকচার-০৫ টপিক,সাধারণ জ্ঞান : বাংলাদেশের রাজনৈতিক ব্যবস্থা ও সরকার ব্যবস্থা,https://www.youtube.com/watch?v=vGk3U6oxPEk,vGk3U6oxPEk,https://drive.google.com/drive/folders/1YiaJKF9pUxa8pHq3rOVVvamVzHMocx8q?usp=drive_link,,,https://youtube.com/live/vGk3U6oxPEk?feature=share,purchased,6a5a31acadc93e04e499bd95
সেকেন্ড টাইম 'AIM' ভার্সিটি খ ও বিভাগ পরিবর্তন ইউনিট লাইভ ক্লাস ও এক্সাম কোর্স ২০২৬-২৭,লেকচার-০৫ টপিক,English 1st Paper : Unit Five: Human Rights,https://www.youtube.com/watch?v=fAwidglIh1I,fAwidglIh1I,,,,https://youtube.com/live/fAwidglIh1I?feature=share,locked,6a5a31acadc93e04e499bd95
সেকেন্ড টাইম 'AIM' ভার্সিটি খ ও বিভাগ পরিবর্তন ইউনিট লাইভ ক্লাস ও এক্সাম কোর্স ২০২৬-২৭,লেকচার-০৬ টপিক,"বাংলা ১ম পত্র : রেইনকোর্ট, নেকলেস",https://www.youtube.com/watch?v=kLW8F5CvPEA,kLW8F5CvPEA,,,,,locked,6a5a31acadc93e04e499bd95
সেকেন্ড টাইম 'AIM' ভার্সিটি খ ও বিভাগ পরিবর্তন ইউনিট লাইভ ক্লাস ও এক্সাম কোর্স ২০২৬-২৭,লেকচার-০৬ টপিক,"ব্যাকরণ : ধাতু, প্রকৃতি ও প্রত্যয়",https://www.youtube.com/watch?v=9mgmInhRApw,9mgmInhRApw,https://drive.google.com/drive/folders/1ifmeutN4Te14HiLrFAYnXzA2vIu7RwbU?usp=drive_link,,,https://youtube.com/live/9mgmInhRApw?feature=share,purchased,6a5a31acadc93e04e499bd95
সেকেন্ড টাইম 'AIM' ভার্সিটি খ ও বিভাগ পরিবর্তন ইউনিট লাইভ ক্লাস ও এক্সাম কোর্স ২০২৬-২৭,লেকচার-০৬ টপিক,English Grammar : Narration/Speech,https://www.youtube.com/watch?v=FKjXa_chcls,FKjXa_chcls,https://drive.google.com/drive/folders/1z4hiGSxOp7v4mHlSiaGezGpDeZ_652Bf?usp=drive_link,,,https://youtube.com/live/MkECo0IRWU0?feature=share,purchased,6a5a31acadc93e04e499bd95
সেকেন্ড টাইম 'AIM' ভার্সিটি খ ও বিভাগ পরিবর্তন ইউনিট লাইভ ক্লাস ও এক্সাম কোর্স ২০২৬-২৭,লেকচার-০৬ টপিক,"সাধারণ জ্ঞান : বাংলাদেশের জাতীয় অর্জন, বিশিষ্ট ব্যক্তিত্ব, গুরুত্বপূর্ণ প্রতিষ্ঠান, জাতীয় পুরস্কার বাংলাদেশের খেলাধুলাসহ চলচ্চিত্র, গণমাধ্যম- সংশ্লিষ্ট বিষয়াদি",https://www.youtube.com/watch?v=MbCRhyWxJxQ,MbCRhyWxJxQ,https://drive.google.com/drive/folders/1zMhGys3fPAc2NYze6K3P16Xdc8sw5wgf?usp=drive_link,,,,purchased,6a5a31acadc93e04e499bd95
সেকেন্ড টাইম 'AIM' ভার্সিটি খ ও বিভাগ পরিবর্তন ইউনিট লাইভ ক্লাস ও এক্সাম কোর্স ২০২৬-২৭,লেকচার-০৭ টপিক,বাংলা ১ম পত্র : বিভীষণের প্রতি মেঘনাদ,https://www.youtube.com/watch?v=1hCDMoZMpu4,1hCDMoZMpu4,,,,https://youtube.com/live/1hCDMoZMpu4?feature=share,locked,6a5a31acadc93e04e499bd95
সেকেন্ড টাইম 'AIM' ভার্সিটি খ ও বিভাগ পরিবর্তন ইউনিট লাইভ ক্লাস ও এক্সাম কোর্স ২০২৬-২৭,লেকচার-০৭ টপিক,ব্যাকরণ : সমাস,https://www.youtube.com/watch?v=2GHijse4fM8,2GHijse4fM8,https://drive.google.com/drive/folders/1cFJLxRFnJVy5Vjm5Jwr1kg25wke9k-zw,,,https://youtube.com/live/2GHijse4fM8?feature=share,purchased,6a5a31acadc93e04e499bd95
সেকেন্ড টাইম 'AIM' ভার্সিটি খ ও বিভাগ পরিবর্তন ইউনিট লাইভ ক্লাস ও এক্সাম কোর্স ২০২৬-২৭,লেকচার-০৭ টপিক,"English Grammar : Active And Passive Voice, Affirmative & Negative Agreement",https://www.youtube.com/watch?v=-JdeQIclG6s,-JdeQIclG6s,https://drive.google.com/drive/folders/1gWO7Rb-f5BOoV5_g4FuJrwvDAlnoMAJm?usp=drive_link,,,https://youtube.com/live/-JdeQIclG6s?feature=share,purchased,6a5a31acadc93e04e499bd95
সেকেন্ড টাইম 'AIM' ভার্সিটি খ ও বিভাগ পরিবর্তন ইউনিট লাইভ ক্লাস ও এক্সাম কোর্স ২০২৬-২৭,লেকচার-০৭ টপিক,"সাধারণ জ্ঞান : বাংলাদেশের ভৌগোলিক অবস্থান ও সীমানা, ছিটমহল, সমুদ্র বিজয়, বঙ্গোপসাগর, সৌরজগৎ ও মহাকাশ, ভৌগোলিক উপনাম",https://www.youtube.com/watch?v=A0Q9yY8_9fw,A0Q9yY8_9fw,https://drive.google.com/drive/folders/1dhHSwsykn-xGoCQ1NhZMTLIOQrHHmfSt?usp=drive_link,,,https://youtube.com/live/A0Q9yY8_9fw?feature=share,purchased,6a5a31acadc93e04e499bd95
সেকেন্ড টাইম 'AIM' ভার্সিটি খ ও বিভাগ পরিবর্তন ইউনিট লাইভ ক্লাস ও এক্সাম কোর্স ২০২৬-২৭,লেকচার-০৭ টপিক,English 1st Paper : Unit Seven: Youthful Achievers,https://www.youtube.com/watch?v=lTL0girlcu4,lTL0girlcu4,,,,,locked,6a5a31acadc93e04e499bd95
সেকেন্ড টাইম 'AIM' ভার্সিটি খ ও বিভাগ পরিবর্তন ইউনিট লাইভ ক্লাস ও এক্সাম কোর্স ২০২৬-২৭,লেকচার-০৮ টপিক,"বাংলা ১ম পত্র : ঋতু-বর্ণন, সোনার তরী",https://www.youtube.com/watch?v=-4agl-ttFJg,-4agl-ttFJg,,,,https://youtube.com/live/-4agl-ttFJg?feature=share,locked,6a5a31acadc93e04e499bd95
সেকেন্ড টাইম 'AIM' ভার্সিটি খ ও বিভাগ পরিবর্তন ইউনিট লাইভ ক্লাস ও এক্সাম কোর্স ২০২৬-২৭,লেকচার-০৮ টপিক,"ব্যাকরণ : সন্ধি, ছন্দ ও অলঙ্কার",https://www.youtube.com/watch?v=Hph3wj52MOs,Hph3wj52MOs,https://drive.google.com/drive/folders/10GKy9y3kSKiTvhU8aRKFTxSrDgQI1xrb?usp=drive_link,,,https://youtube.com/live/Hph3wj52MOs?feature=share,locked,6a5a31acadc93e04e499bd95
সেকেন্ড টাইম 'AIM' ভার্সিটি খ ও বিভাগ পরিবর্তন ইউনিট লাইভ ক্লাস ও এক্সাম কোর্স ২০২৬-২৭,লেকচার-০৮ টপিক,"English Grammar : Degree of Comparison, Parallelism & Structure Agreement",https://www.youtube.com/watch?v=wpfh93AsFPs,wpfh93AsFPs,https://drive.google.com/drive/folders/1nTZ2_Y3xQtrIYtbAjOGe9SDfSe33wZtp?usp=drive_link,,,,purchased,6a5a31acadc93e04e499bd95
সেকেন্ড টাইম 'AIM' ভার্সিটি খ ও বিভাগ পরিবর্তন ইউনিট লাইভ ক্লাস ও এক্সাম কোর্স ২০২৬-২৭,লেকচার-০৮ টপিক,"সাধারণ জ্ঞান : বাংলাদেশের ভূপ্রকৃতি, বনজ সম্পদ, ভূ উপগ্রহ কেন্দ্র, বিভিন্ন স্থান এবং বাংলাদেশের নদনদী, উপনদী, শাখানদী",https://www.youtube.com/watch?v=wpXZF7cDB68,wpXZF7cDB68,,,,,locked,6a5a31acadc93e04e499bd95
সেকেন্ড টাইম 'AIM' ভার্সিটি খ ও বিভাগ পরিবর্তন ইউনিট লাইভ ক্লাস ও এক্সাম কোর্স ২০২৬-২৭,লেকচার-০৮ টপিক,English 1st Paper : Unit Eight: Relationships Lesson,https://www.youtube.com/watch?v=c-cL9EjEMRI,c-cL9EjEMRI,,,,https://youtube.com/live/c-cL9EjEMRI?feature=share,locked,6a5a31acadc93e04e499bd95
সেকেন্ড টাইম 'AIM' ভার্সিটি খ ও বিভাগ পরিবর্তন ইউনিট লাইভ ক্লাস ও এক্সাম কোর্স ২০২৬-২৭,লেকচার-০৯ টপিক,"বাংলা ১ম পত্র : বিদ্রোহী, সুচেতনা",https://www.youtube.com/watch?v=hSEPfunXuao,hSEPfunXuao,,,,https://youtube.com/live/hSEPfunXuao?feature=share,locked,6a5a31acadc93e04e499bd95
সেকেন্ড টাইম 'AIM' ভার্সিটি খ ও বিভাগ পরিবর্তন ইউনিট লাইভ ক্লাস ও এক্সাম কোর্স ২০২৬-২৭,লেকচার-০৯ টপিক,"ব্যাকরণ : দ্বিরুক্তি শব্দ, পুরুষ ও পদাশ্রিত নির্দেশক, নরবাচক ও নারীবাচক শব্দ",https://www.youtube.com/watch?v=p86owJ-C3vM,p86owJ-C3vM,https://drive.google.com/drive/folders/1bc8hnkNn2gaIftzGxlMPWb9xpE7Lj3Vt?usp=drive_link,,,https://youtube.com/live/p86owJ-C3vM?feature=share,purchased,6a5a31acadc93e04e499bd95
সেকেন্ড টাইম 'AIM' ভার্সিটি খ ও বিভাগ পরিবর্তন ইউনিট লাইভ ক্লাস ও এক্সাম কোর্স ২০২৬-২৭,লেকচার-০৯ টপিক,"English Grammar : Transformation Of Sentence: (Simple, Compound & Complex Sentence), Basic Sentence & Changing Sentence",https://www.youtube.com/watch?v=Z3LNKw-rEVI,Z3LNKw-rEVI,,,,https://youtube.com/live/Z3LNKw-rEVI?feature=share,purchased,6a5a31acadc93e04e499bd95
সেকেন্ড টাইম 'AIM' ভার্সিটি খ ও বিভাগ পরিবর্তন ইউনিট লাইভ ক্লাস ও এক্সাম কোর্স ২০২৬-২৭,লেকচার-০৯ টপিক,"সাধারণ জ্ঞান : বাংলার প্রাচীন ইতিহাস - জনপদ ও বাংলায় বিভিন্ন শাসন আমল (মৌর্য থেকে বার ভূঁইয়া), বাংলায় ইউরেপীয়দের আগমন ও ব্রিটিশ শাসন আমল",https://www.youtube.com/watch?v=okEmdL8an_M,okEmdL8an_M,https://drive.google.com/drive/folders/1pO1Tmd2alhjeRQSiYdzyKbUzk1C8oygv?usp=drive_link,,,https://youtube.com/live/okEmdL8an_M?feature=share,purchased,6a5a31acadc93e04e499bd95
সেকেন্ড টাইম 'AIM' ভার্সিটি খ ও বিভাগ পরিবর্তন ইউনিট লাইভ ক্লাস ও এক্সাম কোর্স ২০২৬-২৭,লেকচার-০৯ টপিক,English 1st Paper : Unit Nine: Adolescence,https://www.youtube.com/watch?v=NOfE5PpK0rw,NOfE5PpK0rw,,,,https://youtube.com/live/NOfE5PpK0rw?feature=share,locked,6a5a31acadc93e04e499bd95
সেকেন্ড টাইম 'AIM' ভার্সিটি খ ও বিভাগ পরিবর্তন ইউনিট লাইভ ক্লাস ও এক্সাম কোর্স ২০২৬-২৭,লেকচার-১০ টপিক,"বাংলা ১ম পত্র : প্রতিদান, পদ্মা",https://www.youtube.com/watch?v=IajGJseNxPw,IajGJseNxPw,,,,https://youtube.com/live/IajGJseNxPw?feature=share,locked,6a5a31acadc93e04e499bd95
সেকেন্ড টাইম 'AIM' ভার্সিটি খ ও বিভাগ পরিবর্তন ইউনিট লাইভ ক্লাস ও এক্সাম কোর্স ২০২৬-২৭,লেকচার-১০ টপিক,"ব্যাকরণ : পদ প্রকরণ ও পরিবর্তন, ক্রিয়াপদ",https://www.youtube.com/watch?v=ZQeCa7NYbF0,ZQeCa7NYbF0,https://drive.google.com/drive/folders/1M0FFxxclUrx0m_Z0REPb9N_cdbz-PELd?usp=drive_link,,,,purchased,6a5a31acadc93e04e499bd95
সেকেন্ড টাইম 'AIM' ভার্সিটি খ ও বিভাগ পরিবর্তন ইউনিট লাইভ ক্লাস ও এক্সাম কোর্স ২০২৬-২৭,লেকচার-১০ টপিক,"English Grammar : Identification of Clause, Identification of Phrase",https://www.youtube.com/watch?v=HdW2EkndWVM,HdW2EkndWVM,https://drive.google.com/drive/folders/1-LWmT-vnBcVXIv9iK2zsJ3_A3UuXOntb?usp=drive_link,,,https://youtube.com/live/HdW2EkndWVM?feature=share,purchased,6a5a31acadc93e04e499bd95
সেকেন্ড টাইম 'AIM' ভার্সিটি খ ও বিভাগ পরিবর্তন ইউনিট লাইভ ক্লাস ও এক্সাম কোর্স ২০২৬-২৭,লেকচার-১০ টপিক,সাধারণ জ্ঞান : সিপাহী বিদ্রোহ থেকে ১৯৪৭ এর দেশভাগ ও ১৯৫২ এর ভাষা আন্দোলন সাল থেকে মুক্তিযুদ্ধ,https://www.youtube.com/watch?v=9BsglYDjNoE,9BsglYDjNoE,https://drive.google.com/drive/folders/14A7lPMDjP-iXlKtHULgctZw_31oE1hqk?usp=drive_link,,,https://youtube.com/live/9BsglYDjNoE?feature=share,purchased,6a5a31acadc93e04e499bd95
সেকেন্ড টাইম 'AIM' ভার্সিটি খ ও বিভাগ পরিবর্তন ইউনিট লাইভ ক্লাস ও এক্সাম কোর্স ২০২৬-২৭,লেকচার-১০ টপিক,English 1st Paper : Unit Ten: Lifestyle,https://www.youtube.com/watch?v=-Jimu67PR_k,-Jimu67PR_k,https://drive.google.com/file/d/1qFD9OH5ool9T-vgVNHylE_yM9EvnJfR4/view?usp=drivesdk,,,,locked,6a5a31acadc93e04e499bd95
সেকেন্ড টাইম 'AIM' ভার্সিটি খ ও বিভাগ পরিবর্তন ইউনিট লাইভ ক্লাস ও এক্সাম কোর্স ২০২৬-২৭,লেকচার-১১ টপিক,"ব্যাকরণ : বচন ও সংখ্যাবাচক শব্দ, পদক্রম",https://www.youtube.com/watch?v=KOl7gNYuEiA,KOl7gNYuEiA,https://drive.google.com/drive/folders/1mW4tjkXGXa7kMcRpGWh6qce8QjJEvu9n?usp=drive_link,,,https://youtube.com/live/KOl7gNYuEiA?feature=share,purchased,6a5a31acadc93e04e499bd95
সেকেন্ড টাইম 'AIM' ভার্সিটি খ ও বিভাগ পরিবর্তন ইউনিট লাইভ ক্লাস ও এক্সাম কোর্স ২০২৬-২৭,লেকচার-১১ টপিক,"English Grammar : Verb, Inversion of Verb, Interjection",https://www.youtube.com/watch?v=x6YgezFow9o,x6YgezFow9o,https://drive.google.com/drive/folders/1Vmr--KTv6oNfLUElXL5_rWKislN0tx9r?usp=drive_link,,,https://youtube.com/live/x6YgezFow9o?feature=share,purchased,6a5a31acadc93e04e499bd95
সেকেন্ড টাইম 'AIM' ভার্সিটি খ ও বিভাগ পরিবর্তন ইউনিট লাইভ ক্লাস ও এক্সাম কোর্স ২০২৬-২৭,লেকচার-১২ টপিক,"ব্যাকরণ : ক্রিয়ার কাল ও ভাব/কাল,পুরুষ এবং কালের বিশিষ্ট প্রয়োগ, বাক্য, বাক্য শুদ্ধিকরণ, ভাষার প্রয়োগ-অপপ্রয়োগ",,,https://drive.google.com/drive/folders/1FviDR2orfv8tGkylZjOhIWFuuCRLyakf?usp=drive_link,,,,locked,6a5a31acadc93e04e499bd95
সেকেন্ড টাইম 'AIM' ভার্সিটি খ ও বিভাগ পরিবর্তন ইউনিট লাইভ ক্লাস ও এক্সাম কোর্স ২০২৬-২৭,লেকচার-১২ টপিক,English Grammar : Right form of verbs,,,https://drive.google.com/drive/folders/1SpSUnnUJ4BQKEnsjQsnVGkvSQvzpz6dH?usp=drive_link,,,,locked,6a5a31acadc93e04e499bd95
সেকেন্ড টাইম 'AIM' ভার্সিটি খ ও বিভাগ পরিবর্তন ইউনিট লাইভ ক্লাস ও এক্সাম কোর্স ২০২৬-২৭,লেকচার-১৩ টপিক,English Grammar : Subject Verb agreement,,,https://drive.google.com/drive/folders/1cz5P59DCJx02GpclvBEA1UaGznhxYfim?usp=drive_link,,,,locked,6a5a31acadc93e04e499bd95
সেকেন্ড টাইম 'AIM' ভার্সিটি খ ও বিভাগ পরিবর্তন ইউনিট লাইভ ক্লাস ও এক্সাম কোর্স ২০২৬-২৭,লেকচার-১৪ টপিক,"English Grammar : Conjunction & Linkers, Dangling Modifier, Tag question",,,https://drive.google.com/drive/folders/1H_TpxAwKFw7CfohIxwAfau-4Ym0UcN0G?usp=drive_link,,,,locked,6a5a31acadc93e04e499bd95
সেকেন্ড টাইম 'AIM' ভার্সিটি খ ও বিভাগ পরিবর্তন ইউনিট লাইভ ক্লাস ও এক্সাম কোর্স ২০২৬-২৭,লেকচার-১৫ টপিক,"English Grammar : WH Question & Embedded Question, Correction-Sentence, Pin Point Error",,,https://drive.google.com/drive/folders/1hhBOEAAMWTQ2PW0tjGwQA5s_7ZMY3I8Y?usp=drive_link,,,,locked,6a5a31acadc93e04e499bd95
সেকেন্ড টাইম 'AIM' ভার্সিটি খ ও বিভাগ পরিবর্তন ইউনিট লাইভ ক্লাস ও এক্সাম কোর্স ২০২৬-২৭,লেকচার-১৭ টপিক,বাংলা সাহিত্য ১ ক্লাসে শেষ,https://www.youtube.com/watch?v=77_PWTLDD9M,77_PWTLDD9M,https://drive.google.com/drive/folders/1X_zXRv8Vyqwpx9cipDcymwYz7x3-dZ7r?usp=drive_link,,,,locked,6a5a31acadc93e04e499bd95
সেকেন্ড টাইম 'AIM' ভার্সিটি খ ও বিভাগ পরিবর্তন ইউনিট লাইভ ক্লাস ও এক্সাম কোর্স ২০২৬-২৭,ক্লাস কোইয়ালিটি যাচাই করুন ( DEMO Free Class),১৭ ঘন্টায় এডমিশন ব্যাকরণ শেষ,https://www.youtube.com/watch?v=g1cA34BgTWc,g1cA34BgTWc,,,,,free_preview,6a5a31acadc93e04e499bd95
সেকেন্ড টাইম 'AIM' ভার্সিটি খ ও বিভাগ পরিবর্তন ইউনিট লাইভ ক্লাস ও এক্সাম কোর্স ২০২৬-২৭,ক্লাস কোইয়ালিটি যাচাই করুন ( DEMO Free Class),৩ ঘণ্টায় English Literature শেষ,https://www.youtube.com/watch?v=AigGXqbxxS0,AigGXqbxxS0,,,,,free_preview,6a5a31acadc93e04e499bd95
সেকেন্ড টাইম 'AIM' ভার্সিটি খ ও বিভাগ পরিবর্তন ইউনিট লাইভ ক্লাস ও এক্সাম কোর্স ২০২৬-২৭,ক্লাস কোইয়ালিটি যাচাই করুন ( DEMO Free Class),২৭ ঘন্টায় ইংরেজি গ্রামার ও লিটারেচার ১০০% শেষ,https://www.youtube.com/watch?v=NpCjt0Ohaig,NpCjt0Ohaig,,,,,free_preview,6a5a31acadc93e04e499bd95
"বাংলা ব্যাকরণ ও সাহিত্য, ইংলিশ গ্রামার ও লিটারেচার ৪টি সাবজেক্ট কাভার",কোর্স কেনার আগে ডেমো ক্লাস দেখুন,১৭ ঘন্টায় এডমিশন ব্যাকরণ শেষ,https://www.youtube.com/watch?v=g1cA34BgTWc,g1cA34BgTWc,,,,,free_preview,6a758d383cbabbecf7057df2
"বাংলা ব্যাকরণ ও সাহিত্য, ইংলিশ গ্রামার ও লিটারেচার ৪টি সাবজেক্ট কাভার",কোর্স কেনার আগে ডেমো ক্লাস দেখুন,৬ ঘন্টায় নতুন ব্যাকরণ বই শেষ,https://www.youtube.com/watch?v=NOJkcqxU4Q4,NOJkcqxU4Q4,,,,,free_preview,6a758d383cbabbecf7057df2
"বাংলা ব্যাকরণ ও সাহিত্য, ইংলিশ গ্রামার ও লিটারেচার ৪টি সাবজেক্ট কাভার",কোর্স কেনার আগে ডেমো ক্লাস দেখুন,২৭ ঘন্টায় ইংরেজি গ্রামার ও লিটারেচার ১০০% শেষ,https://www.youtube.com/watch?v=NpCjt0Ohaig,NpCjt0Ohaig,,,,,free_preview,6a758d383cbabbecf7057df2
"বাংলা ব্যাকরণ ও সাহিত্য, ইংলিশ গ্রামার ও লিটারেচার ৪টি সাবজেক্ট কাভার",এই কোর্সের সকল ক্লাসের Printable PDF ডাইনলোড করুন,English Grammar And Literature Class Slide PDF (Printable),,,https://drive.google.com/drive/folders/1jkVGFSpXWWJHTR8Eu7E-o4xqD_tlZviW?usp=drive_link,,,,purchased,6a758d383cbabbecf7057df2
"বাংলা ব্যাকরণ ও সাহিত্য, ইংলিশ গ্রামার ও লিটারেচার ৪টি সাবজেক্ট কাভার",এই কোর্সের সকল ক্লাসের Printable PDF ডাইনলোড করুন,বাংলা ব্যাকরণ ক্লাস স্লাইড (PDF প্রিন্ট করা যাবে),,,https://drive.google.com/drive/folders/1ko8HPdZY9OWjeNXAij1hXuBO1-iJ0pVQ?usp=drive_link,,,,purchased,6a758d383cbabbecf7057df2
"বাংলা ব্যাকরণ ও সাহিত্য, ইংলিশ গ্রামার ও লিটারেচার ৪টি সাবজেক্ট কাভার",এই কোর্সের সকল ক্লাসের Printable PDF ডাইনলোড করুন,বাংলা সাহিত্য অংশ ( ক্লাস স্লাইড PDF প্রিন্ট করা যাবে),,,https://drive.google.com/drive/folders/1wYmPwjDmpBUHz5oaaDzwLEcxUst1_PTL?usp=drive_link,,,,purchased,6a758d383cbabbecf7057df2
"বাংলা ব্যাকরণ ও সাহিত্য, ইংলিশ গ্রামার ও লিটারেচার ৪টি সাবজেক্ট কাভার",বাংলা সাহিত্য (Royel Addition Updated Version),বাংলা সাহিত্য (বিভিন্ন যুগ ও অন্যান্য) এক ক্লাসে শেষ,https://www.youtube.com/watch?v=77_PWTLDD9M,77_PWTLDD9M,https://drive.google.com/drive/folders/1wYmPwjDmpBUHz5oaaDzwLEcxUst1_PTL?usp=drive_link,,,,purchased,6a758d383cbabbecf7057df2
"বাংলা ব্যাকরণ ও সাহিত্য, ইংলিশ গ্রামার ও লিটারেচার ৪টি সাবজেক্ট কাভার",বাংলা ব্যাকরণ (Royel Addition Updated Version),"লেকচার-০১ টপিক: ভাষা, ভাষার উৎপত্তি, লিপির উৎপত্তি, ভাষারীতি, ভাষা বিষয়ক গ্রন্থ, শব্দ",https://www.youtube.com/watch?v=34xfAuARVVE,34xfAuARVVE,,,,,purchased,6a758d383cbabbecf7057df2
"বাংলা ব্যাকরণ ও সাহিত্য, ইংলিশ গ্রামার ও লিটারেচার ৪টি সাবজেক্ট কাভার",বাংলা ব্যাকরণ (Royel Addition Updated Version),লেকচার-০২ টপিক: ব্যাকরণ ও এর আলোচ্য বিষয়,https://www.youtube.com/watch?v=Hfq_Mmptw1o,Hfq_Mmptw1o,,,,,purchased,6a758d383cbabbecf7057df2
"বাংলা ব্যাকরণ ও সাহিত্য, ইংলিশ গ্রামার ও লিটারেচার ৪টি সাবজেক্ট কাভার",বাংলা ব্যাকরণ (Royel Addition Updated Version),"লেকচার-০৩ টপিক: ধ্বনি ও বর্ণ, যুক্তবর্ণ ও বর্ণানুক্রম",https://www.youtube.com/watch?v=sViVRdT20JM,sViVRdT20JM,,,,,purchased,6a758d383cbabbecf7057df2
"বাংলা ব্যাকরণ ও সাহিত্য, ইংলিশ গ্রামার ও লিটারেচার ৪টি সাবজেক্ট কাভার",বাংলা ব্যাকরণ (Royel Addition Updated Version),"লেকচার-০৪ টপিক: ধ্বনি উচ্চারণ, ধ্বনি পরিবর্তন",https://www.youtube.com/watch?v=gUa_FF6hosI,gUa_FF6hosI,,,,,purchased,6a758d383cbabbecf7057df2
"বাংলা ব্যাকরণ ও সাহিত্য, ইংলিশ গ্রামার ও লিটারেচার ৪টি সাবজেক্ট কাভার",বাংলা ব্যাকরণ (Royel Addition Updated Version),"লেকচার-০৫ টপিক: ণ-ত্ব ও ষ-ত্ব বিধান, বানান শুদ্ধিকরণ, উপসর্গ-অনুসর্গ",https://www.youtube.com/watch?v=R5u2iZiQD2E,R5u2iZiQD2E,,,,,purchased,6a758d383cbabbecf7057df2
"বাংলা ব্যাকরণ ও সাহিত্য, ইংলিশ গ্রামার ও লিটারেচার ৪টি সাবজেক্ট কাভার",বাংলা ব্যাকরণ (Royel Addition Updated Version),"লেকচার-০৬ টপিক: ধাতু, প্রকৃতি ও প্রত্যয়",https://www.youtube.com/watch?v=81qHe82agDs,81qHe82agDs,,,,,purchased,6a758d383cbabbecf7057df2
"বাংলা ব্যাকরণ ও সাহিত্য, ইংলিশ গ্রামার ও লিটারেচার ৪টি সাবজেক্ট কাভার",বাংলা ব্যাকরণ (Royel Addition Updated Version),লেকচার-০৭ টপিক: সমাস,https://www.youtube.com/watch?v=V9zntlQLKP4,V9zntlQLKP4,,,,,purchased,6a758d383cbabbecf7057df2
"বাংলা ব্যাকরণ ও সাহিত্য, ইংলিশ গ্রামার ও লিটারেচার ৪টি সাবজেক্ট কাভার",বাংলা ব্যাকরণ (Royel Addition Updated Version),লেকচার-০৮ টপিক: সন্ধি,https://www.youtube.com/watch?v=8LzeqyIijhY,8LzeqyIijhY,,,,,purchased,6a758d383cbabbecf7057df2
"বাংলা ব্যাকরণ ও সাহিত্য, ইংলিশ গ্রামার ও লিটারেচার ৪টি সাবজেক্ট কাভার",বাংলা ব্যাকরণ (Royel Addition Updated Version),"লেকচার-০৯ টপিক: দ্বিরুক্তি শব্দ, পুরুষ ও পদাশ্রিত নির্দেশক, নরবাচক ও নারীবাচক শব্দ",https://www.youtube.com/watch?v=e_gZdpJAbHs,e_gZdpJAbHs,,,,,purchased,6a758d383cbabbecf7057df2
"বাংলা ব্যাকরণ ও সাহিত্য, ইংলিশ গ্রামার ও লিটারেচার ৪টি সাবজেক্ট কাভার",বাংলা ব্যাকরণ (Royel Addition Updated Version),"লেকচার-১০ টপিক: পদ প্রকরণ ও পরিবর্তন, ক্রিয়াপদ",https://www.youtube.com/watch?v=vilWOMuZlMM,vilWOMuZlMM,,,,,purchased,6a758d383cbabbecf7057df2
"বাংলা ব্যাকরণ ও সাহিত্য, ইংলিশ গ্রামার ও লিটারেচার ৪টি সাবজেক্ট কাভার",বাংলা ব্যাকরণ (Royel Addition Updated Version),"লেকচার-১১ টপিক: বচন ও সংখ্যাবাচক শব্দ, পদক্রম",https://www.youtube.com/watch?v=7UusOekM3Co,7UusOekM3Co,,,,,locked,6a758d383cbabbecf7057df2
"বাংলা ব্যাকরণ ও সাহিত্য, ইংলিশ গ্রামার ও লিটারেচার ৪টি সাবজেক্ট কাভার",বাংলা ব্যাকরণ (Royel Addition Updated Version),"লেকচার-১২ টপিক: ক্রিয়ার কাল ও ভাব/কাল,পুরুষ এবং কালের বিশিষ্ট প্রয়োগ, বাক্য, বাক্য শুদ্ধিকরণ, ভাষার প্রয়োগ-অপপ্রয়োগ",https://www.youtube.com/watch?v=YzSJ6z4FAcM,YzSJ6z4FAcM,,,,,locked,6a758d383cbabbecf7057df2
"বাংলা ব্যাকরণ ও সাহিত্য, ইংলিশ গ্রামার ও লিটারেচার ৪টি সাবজেক্ট কাভার",বাংলা ব্যাকরণ (Royel Addition Updated Version),লেকচার-১৩ টপিক: কারক ও বিভক্তি,https://www.youtube.com/watch?v=8SjY155y-Mg,8SjY155y-Mg,,,,,purchased,6a758d383cbabbecf7057df2
"বাংলা ব্যাকরণ ও সাহিত্য, ইংলিশ গ্রামার ও লিটারেচার ৪টি সাবজেক্ট কাভার",বাংলা ব্যাকরণ (Royel Addition Updated Version),"লেকচার-১৪ টপিক: বাচ্য ও উক্তি, বিরাম চিহ্ন",https://www.youtube.com/watch?v=4IOlGW1mtU8,4IOlGW1mtU8,,,,,purchased,6a758d383cbabbecf7057df2
"বাংলা ব্যাকরণ ও সাহিত্য, ইংলিশ গ্রামার ও লিটারেচার ৪টি সাবজেক্ট কাভার",বাংলা ব্যাকরণ (Royel Addition Updated Version),নতুন ব্যাকরণ: মোট পরিচ্ছেদ ৩৯ টি ক্লাস ৬ ঘন্টায় ব্যাকরণ শেষ,https://www.youtube.com/watch?v=NOJkcqxU4Q4,NOJkcqxU4Q4,,,,,free_preview,6a758d383cbabbecf7057df2
"বাংলা ব্যাকরণ ও সাহিত্য, ইংলিশ গ্রামার ও লিটারেচার ৪টি সাবজেক্ট কাভার",বাংলা ব্যাকরণ (Royel Addition Updated Version),১৭ ঘন্টায় এডমিশন ব্যাকরণ শেষ,https://www.youtube.com/watch?v=g1cA34BgTWc,g1cA34BgTWc,,,,,free_preview,6a758d383cbabbecf7057df2
"বাংলা ব্যাকরণ ও সাহিত্য, ইংলিশ গ্রামার ও লিটারেচার ৪টি সাবজেক্ট কাভার",English Grammar (ছোট ছোট টপিক আকারে ক্লাস-Old Version),Grammar Lecture - 01 ৷৷ Tense ৷৷ Conditional Sentence ৷৷ Present Subjunctive,https://www.youtube.com/watch?v=HE9ianJqndo,HE9ianJqndo,,,,,purchased,6a758d383cbabbecf7057df2
"বাংলা ব্যাকরণ ও সাহিত্য, ইংলিশ গ্রামার ও লিটারেচার ৪টি সাবজেক্ট কাভার",English Grammar (ছোট ছোট টপিক আকারে ক্লাস-Old Version),Grammar Lecture - 02 ৷৷ Redundancy,https://www.youtube.com/watch?v=hBzJ2PWRwqI,hBzJ2PWRwqI,,,,,purchased,6a758d383cbabbecf7057df2
"বাংলা ব্যাকরণ ও সাহিত্য, ইংলিশ গ্রামার ও লিটারেচার ৪টি সাবজেক্ট কাভার",English Grammar (ছোট ছোট টপিক আকারে ক্লাস-Old Version),Grammar Lecture - 02 ৷৷ Article,https://www.youtube.com/watch?v=kZevo97QjB4,kZevo97QjB4,,,,,purchased,6a758d383cbabbecf7057df2
"বাংলা ব্যাকরণ ও সাহিত্য, ইংলিশ গ্রামার ও লিটারেচার ৪টি সাবজেক্ট কাভার",English Grammar (ছোট ছোট টপিক আকারে ক্লাস-Old Version),Grammar Lecture - 03 ৷৷ NOUN,https://www.youtube.com/watch?v=bUgpfI5CYcM,bUgpfI5CYcM,,,,,purchased,6a758d383cbabbecf7057df2
"বাংলা ব্যাকরণ ও সাহিত্য, ইংলিশ গ্রামার ও লিটারেচার ৪টি সাবজেক্ট কাভার",English Grammar (ছোট ছোট টপিক আকারে ক্লাস-Old Version),Grammar Lecture - 04 ৷৷ Number,https://www.youtube.com/watch?v=itqU4fqSRN0,itqU4fqSRN0,,,,,purchased,6a758d383cbabbecf7057df2
"বাংলা ব্যাকরণ ও সাহিত্য, ইংলিশ গ্রামার ও লিটারেচার ৪টি সাবজেক্ট কাভার",English Grammar (ছোট ছোট টপিক আকারে ক্লাস-Old Version),Grammar Lecture - 04 ৷৷ Gender,https://www.youtube.com/watch?v=Hnu3pCCWdxc,Hnu3pCCWdxc,,,,,locked,6a758d383cbabbecf7057df2
"বাংলা ব্যাকরণ ও সাহিত্য, ইংলিশ গ্রামার ও লিটারেচার ৪টি সাবজেক্ট কাভার",English Grammar (ছোট ছোট টপিক আকারে ক্লাস-Old Version),Grammar Lecture - 05 ৷৷ pronoun,https://www.youtube.com/watch?v=wL2bxxcaF_0,wL2bxxcaF_0,,,,,purchased,6a758d383cbabbecf7057df2
"বাংলা ব্যাকরণ ও সাহিত্য, ইংলিশ গ্রামার ও লিটারেচার ৪টি সাবজেক্ট কাভার",English Grammar (ছোট ছোট টপিক আকারে ক্লাস-Old Version),Grammar Lecture - 05 ৷৷ Adjective,https://www.youtube.com/watch?v=azhrtPxGmTM,azhrtPxGmTM,,,,,locked,6a758d383cbabbecf7057df2
"বাংলা ব্যাকরণ ও সাহিত্য, ইংলিশ গ্রামার ও লিটারেচার ৪টি সাবজেক্ট কাভার",English Grammar (ছোট ছোট টপিক আকারে ক্লাস-Old Version),Grammar Lecture - 05 ৷৷ Adverb,https://www.youtube.com/watch?v=2LgJwErrmCk,2LgJwErrmCk,,,,,purchased,6a758d383cbabbecf7057df2
"বাংলা ব্যাকরণ ও সাহিত্য, ইংলিশ গ্রামার ও লিটারেচার ৪টি সাবজেক্ট কাভার",English Grammar (ছোট ছোট টপিক আকারে ক্লাস-Old Version),Grammar Lecture - 06 ৷৷ Narration,https://www.youtube.com/watch?v=B6_V8KaRbJw,B6_V8KaRbJw,,,,,purchased,6a758d383cbabbecf7057df2
"বাংলা ব্যাকরণ ও সাহিত্য, ইংলিশ গ্রামার ও লিটারেচার ৪টি সাবজেক্ট কাভার",English Grammar (ছোট ছোট টপিক আকারে ক্লাস-Old Version),Grammar Lecture - 07 ৷৷ voice,https://www.youtube.com/watch?v=izYTuq32Iq8,izYTuq32Iq8,,,,,purchased,6a758d383cbabbecf7057df2
"বাংলা ব্যাকরণ ও সাহিত্য, ইংলিশ গ্রামার ও লিটারেচার ৪টি সাবজেক্ট কাভার",English Grammar (ছোট ছোট টপিক আকারে ক্লাস-Old Version),Grammar Lecture - 08 ৷৷ Degree,https://www.youtube.com/watch?v=s99Hb6xe4Gg,s99Hb6xe4Gg,,,,,purchased,6a758d383cbabbecf7057df2
"বাংলা ব্যাকরণ ও সাহিত্য, ইংলিশ গ্রামার ও লিটারেচার ৪টি সাবজেক্ট কাভার",English Grammar (ছোট ছোট টপিক আকারে ক্লাস-Old Version),Grammar Lecture - 08 ৷৷  Parallelism & Structure Agreement,https://www.youtube.com/watch?v=sIytCFxB-QY,sIytCFxB-QY,,,,,purchased,6a758d383cbabbecf7057df2
"বাংলা ব্যাকরণ ও সাহিত্য, ইংলিশ গ্রামার ও লিটারেচার ৪টি সাবজেক্ট কাভার",English Grammar (ছোট ছোট টপিক আকারে ক্লাস-Old Version),"Grammar Lecture - 09 ৷৷ Transformation Of Sentence: Simple, Compound & Complex sentence",https://www.youtube.com/watch?v=6NmykEEU_Pc,6NmykEEU_Pc,,,,,purchased,6a758d383cbabbecf7057df2
"বাংলা ব্যাকরণ ও সাহিত্য, ইংলিশ গ্রামার ও লিটারেচার ৪টি সাবজেক্ট কাভার",English Grammar (ছোট ছোট টপিক আকারে ক্লাস-Old Version),Grammar Lecture - 09 ৷৷ Basic Sentence & Changing Sentence,https://www.youtube.com/watch?v=rMFmof9SjYk,rMFmof9SjYk,,,,,purchased,6a758d383cbabbecf7057df2
"বাংলা ব্যাকরণ ও সাহিত্য, ইংলিশ গ্রামার ও লিটারেচার ৪টি সাবজেক্ট কাভার",English Grammar (ছোট ছোট টপিক আকারে ক্লাস-Old Version),Grammar Lecture - 10 ৷৷ Identification of Clause,https://www.youtube.com/watch?v=Fh0KAi7A22w,Fh0KAi7A22w,,,,,purchased,6a758d383cbabbecf7057df2
"বাংলা ব্যাকরণ ও সাহিত্য, ইংলিশ গ্রামার ও লিটারেচার ৪টি সাবজেক্ট কাভার",English Grammar (ছোট ছোট টপিক আকারে ক্লাস-Old Version),Grammar Lecture - 11 ৷৷ Verb,https://www.youtube.com/watch?v=EbpPRBf-PUY,EbpPRBf-PUY,,,,,purchased,6a758d383cbabbecf7057df2
"বাংলা ব্যাকরণ ও সাহিত্য, ইংলিশ গ্রামার ও লিটারেচার ৪টি সাবজেক্ট কাভার",English Grammar (ছোট ছোট টপিক আকারে ক্লাস-Old Version),Grammar Lecture - 11 ৷৷ Inversion of Verb,https://www.youtube.com/watch?v=vCorc9y982A,vCorc9y982A,,,,,purchased,6a758d383cbabbecf7057df2
"বাংলা ব্যাকরণ ও সাহিত্য, ইংলিশ গ্রামার ও লিটারেচার ৪টি সাবজেক্ট কাভার",English Grammar (ছোট ছোট টপিক আকারে ক্লাস-Old Version),Grammar Lecture - 12 ৷৷ Right Form Of Verb,https://www.youtube.com/watch?v=x5UUw4oFQts,x5UUw4oFQts,,,,,purchased,6a758d383cbabbecf7057df2
"বাংলা ব্যাকরণ ও সাহিত্য, ইংলিশ গ্রামার ও লিটারেচার ৪টি সাবজেক্ট কাভার",English Grammar (ছোট ছোট টপিক আকারে ক্লাস-Old Version),Grammar Lecture -13 ৷৷ Subject Verb Agreement,https://www.youtube.com/watch?v=Wk13Qo7byYc,Wk13Qo7byYc,,,,,purchased,6a758d383cbabbecf7057df2
"বাংলা ব্যাকরণ ও সাহিত্য, ইংলিশ গ্রামার ও লিটারেচার ৪টি সাবজেক্ট কাভার",English Grammar (ছোট ছোট টপিক আকারে ক্লাস-Old Version),Grammar Lecture - 14 ৷৷ Conjunction and linkers,https://www.youtube.com/watch?v=NhucyQ6lXI4,NhucyQ6lXI4,,,,,purchased,6a758d383cbabbecf7057df2
"বাংলা ব্যাকরণ ও সাহিত্য, ইংলিশ গ্রামার ও লিটারেচার ৪টি সাবজেক্ট কাভার",English Grammar (ছোট ছোট টপিক আকারে ক্লাস-Old Version),Grammar Lecture - 14 ৷৷ Dangling Modifier,https://www.youtube.com/watch?v=Re1rg5akMDk,Re1rg5akMDk,,,,,purchased,6a758d383cbabbecf7057df2
"বাংলা ব্যাকরণ ও সাহিত্য, ইংলিশ গ্রামার ও লিটারেচার ৪টি সাবজেক্ট কাভার",English Grammar (ছোট ছোট টপিক আকারে ক্লাস-Old Version),Grammar Lecture - 14 ৷৷  Tag Questions,https://www.youtube.com/watch?v=7URsm7cD4FQ,7URsm7cD4FQ,,,,,purchased,6a758d383cbabbecf7057df2
"বাংলা ব্যাকরণ ও সাহিত্য, ইংলিশ গ্রামার ও লিটারেচার ৪টি সাবজেক্ট কাভার",English Grammar (ছোট ছোট টপিক আকারে ক্লাস-Old Version),Grammar Lecture - 15 ৷৷  WH Question,https://www.youtube.com/watch?v=Ikt7wNEb1hA,Ikt7wNEb1hA,,,,,purchased,6a758d383cbabbecf7057df2
"বাংলা ব্যাকরণ ও সাহিত্য, ইংলিশ গ্রামার ও লিটারেচার ৪টি সাবজেক্ট কাভার",English Grammar (ছোট ছোট টপিক আকারে ক্লাস-Old Version),Grammar Lecture - 15 ৷৷  Embedded Question,https://www.youtube.com/watch?v=tavzIdg4woU,tavzIdg4woU,,,,,purchased,6a758d383cbabbecf7057df2
"বাংলা ব্যাকরণ ও সাহিত্য, ইংলিশ গ্রামার ও লিটারেচার ৪টি সাবজেক্ট কাভার",English Grammar (ছোট ছোট টপিক আকারে ক্লাস-Old Version),Grammar Lecture - 15 ৷৷ Sentence Correction,https://www.youtube.com/watch?v=l5e3OpkgqXE,l5e3OpkgqXE,,,,,purchased,6a758d383cbabbecf7057df2
"বাংলা ব্যাকরণ ও সাহিত্য, ইংলিশ গ্রামার ও লিটারেচার ৪টি সাবজেক্ট কাভার",English Grammar (2026-27 Updated Version),"লেকচার-০১ টপিক: Tense, Conditional Sentence, Subjunctive",https://www.youtube.com/watch?v=953eZnlTIg4,953eZnlTIg4,,,,,purchased,6a758d383cbabbecf7057df2
"বাংলা ব্যাকরণ ও সাহিত্য, ইংলিশ গ্রামার ও লিটারেচার ৪টি সাবজেক্ট কাভার",English Grammar (2026-27 Updated Version),"লেকচার-০২ টপিক: Article, Redundancy, Use of Preposition",https://www.youtube.com/watch?v=DvbTfqjf2m4,DvbTfqjf2m4,,,,,purchased,6a758d383cbabbecf7057df2
"বাংলা ব্যাকরণ ও সাহিত্য, ইংলিশ গ্রামার ও লিটারেচার ৪টি সাবজেক্ট কাভার",English Grammar (2026-27 Updated Version),লেকচার-০৩ টপিক: Noun,https://www.youtube.com/watch?v=B-4SLSHFhkc,B-4SLSHFhkc,,,,,purchased,6a758d383cbabbecf7057df2
"বাংলা ব্যাকরণ ও সাহিত্য, ইংলিশ গ্রামার ও লিটারেচার ৪টি সাবজেক্ট কাভার",English Grammar (2026-27 Updated Version),"লেকচার-০৪ টপিক: Number, Gender",https://www.youtube.com/watch?v=eXR8q17Xxa4,eXR8q17Xxa4,,,,,purchased,6a758d383cbabbecf7057df2
"বাংলা ব্যাকরণ ও সাহিত্য, ইংলিশ গ্রামার ও লিটারেচার ৪টি সাবজেক্ট কাভার",English Grammar (2026-27 Updated Version),"লেকচার-০৫ টপিক: Pronoun, Adjective, Adverb",https://www.youtube.com/watch?v=W6VDGjct-SA,W6VDGjct-SA,,,,,purchased,6a758d383cbabbecf7057df2
"বাংলা ব্যাকরণ ও সাহিত্য, ইংলিশ গ্রামার ও লিটারেচার ৪টি সাবজেক্ট কাভার",English Grammar (2026-27 Updated Version),লেকচার-০৬ টপিক: Narration/Speech,https://www.youtube.com/watch?v=FKjXa_chcls,FKjXa_chcls,,,,,purchased,6a758d383cbabbecf7057df2
"বাংলা ব্যাকরণ ও সাহিত্য, ইংলিশ গ্রামার ও লিটারেচার ৪টি সাবজেক্ট কাভার",English Grammar (2026-27 Updated Version),"লেকচার-০৭ টপিক: Active And Passive Voice, Affirmative & Negative Agreement",https://www.youtube.com/watch?v=-JdeQIclG6s,-JdeQIclG6s,,,,,purchased,6a758d383cbabbecf7057df2
"বাংলা ব্যাকরণ ও সাহিত্য, ইংলিশ গ্রামার ও লিটারেচার ৪টি সাবজেক্ট কাভার",English Grammar (2026-27 Updated Version),"লেকচার-০৮ টপিক: Degree of Comparison, Parallelism & Structure Agreement",https://www.youtube.com/watch?v=wpfh93AsFPs,wpfh93AsFPs,,,,,purchased,6a758d383cbabbecf7057df2
"বাংলা ব্যাকরণ ও সাহিত্য, ইংলিশ গ্রামার ও লিটারেচার ৪টি সাবজেক্ট কাভার",English Grammar (2026-27 Updated Version),৩০ টি ভাগে ইংলিশ গ্রামর শেষ করুন,https://studio.youtube.com/playlist/PL7Ws7Zl7dMiPnD6OzCZtdzqcZtn3HyxF-/videos,,,,,,purchased,6a758d383cbabbecf7057df2
"বাংলা ব্যাকরণ ও সাহিত্য, ইংলিশ গ্রামার ও লিটারেচার ৪টি সাবজেক্ট কাভার",English Grammar (2026-27 Updated Version),২৭ ঘন্টায় ইংরেজি গ্রামার ও লিটারেচার ১০০% শেষ,https://www.youtube.com/watch?v=NpCjt0Ohaig,NpCjt0Ohaig,,,,,purchased,6a758d383cbabbecf7057df2
"বাংলা ব্যাকরণ ও সাহিত্য, ইংলিশ গ্রামার ও লিটারেচার ৪টি সাবজেক্ট কাভার",English Grammar (2026-27 Updated Version),সকল Grammar & Literature লেকচারের Paintable PDF,,,https://drive.google.com/drive/folders/1jkVGFSpXWWJHTR8Eu7E-o4xqD_tlZviW?usp=drive_link,,,,locked,6a758d383cbabbecf7057df2
"বাংলা ব্যাকরণ ও সাহিত্য, ইংলিশ গ্রামার ও লিটারেচার ৪টি সাবজেক্ট কাভার",English Literature (Royel Addition Updated Version),Figures Of Speech,https://www.youtube.com/watch?v=vO6KMoE7K4E,vO6KMoE7K4E,,,,,purchased,6a758d383cbabbecf7057df2
"বাংলা ব্যাকরণ ও সাহিত্য, ইংলিশ গ্রামার ও লিটারেচার ৪টি সাবজেক্ট কাভার",English Literature (Royel Addition Updated Version),Literary Term,https://www.youtube.com/watch?v=h-ZV3zgxxyw,h-ZV3zgxxyw,,,,,purchased,6a758d383cbabbecf7057df2
"বাংলা ব্যাকরণ ও সাহিত্য, ইংলিশ গ্রামার ও লিটারেচার ৪টি সাবজেক্ট কাভার",English Literature (Royel Addition Updated Version),Designation of Authors,https://www.youtube.com/watch?v=lT60dyaSJew,lT60dyaSJew,,,,,locked,6a758d383cbabbecf7057df2
"বাংলা ব্যাকরণ ও সাহিত্য, ইংলিশ গ্রামার ও লিটারেচার ৪টি সাবজেক্ট কাভার",English Literature (Royel Addition Updated Version),Periods Of English Literature,https://www.youtube.com/watch?v=zn-8ZVFhbCY,zn-8ZVFhbCY,,,,,purchased,6a758d383cbabbecf7057df2
"বাংলা ব্যাকরণ ও সাহিত্য, ইংলিশ গ্রামার ও লিটারেচার ৪টি সাবজেক্ট কাভার",English Literature (Royel Addition Updated Version),Quotations in Literature,https://www.youtube.com/watch?v=PjnVOVWBraE,PjnVOVWBraE,,,,,locked,6a758d383cbabbecf7057df2
"বাংলা ব্যাকরণ ও সাহিত্য, ইংলিশ গ্রামার ও লিটারেচার ৪টি সাবজেক্ট কাভার",English Literature (Royel Addition Updated Version),English Literature One Shot Revision,https://www.youtube.com/watch?v=AigGXqbxxS0,AigGXqbxxS0,,,,,free_preview,6a758d383cbabbecf7057df2
Only BUP Course (লাইভ ক্লাস ও এক্সাম কম্বো),কিভাবে কোর্সটি শেষ হবে ও ক্লাস এবং এক্সাম সিস্টেম দেখুন,লাইভ ও রেকর্ড ক্লাস করার নিয়ম এবং এক্সাম সিস্টেম দেখুন,https://www.youtube.com/watch?v=p8LmiVnknIo,p8LmiVnknIo,,,,,purchased,6a76051d3cbabbecf70939f1
Only BUP Course (লাইভ ক্লাস ও এক্সাম কম্বো),লেকচার-০১ টপিক,"English Grammar : Tense, Conditional Sentence, Subjunctive",,,https://drive.google.com/drive/folders/1c4jiCtKMfAg0AxbAF4H_HZVXmE-VM_lG?usp=drive_link,,,,purchased,6a76051d3cbabbecf70939f1
Only BUP Course (লাইভ ক্লাস ও এক্সাম কম্বো),লেকচার-০১ টপিক,"ব্যাকরণ : ভাষা, ভাষার উৎপত্তি, লিপির উৎপত্তি, ভাষারীতি, ভাষা বিষয়ক গ্রন্থ, শব্দ",,,https://drive.google.com/drive/folders/1kBFmRY8bCdvUN4DHxkSjUxhZFKIG6fdo?usp=drive_link,,,,purchased,6a76051d3cbabbecf70939f1
Only BUP Course (লাইভ ক্লাস ও এক্সাম কম্বো),লেকচার-০১ টপিক,"বাংলা ১ম পত্র : বাঙ্গালার নব্য লেখকদিগের প্রতি নিবেদন, অপরিচিতা",,,https://drive.google.com/drive/folders/18yPel5vgmibT6ncm1eQFvgg39cF0Z2zt?usp=drive_link,,,,locked,6a76051d3cbabbecf70939f1
Only BUP Course (লাইভ ক্লাস ও এক্সাম কম্বো),লেকচার-০১ টপিক,English 1st Paper : Unit One: Education and Life,,,https://drive.google.com/drive/folders/19yr6m-Tf9vQbhMdVRJZrvTtkytGkbGCE?usp=drive_link,,,,purchased,6a76051d3cbabbecf70939f1
Only BUP Course (লাইভ ক্লাস ও এক্সাম কম্বো),লেকচার-০২ টপিক,"English Grammar : Article, Redundancy, Use of Preposition",,,https://drive.google.com/drive/folders/1F1l_3XerIUzBnynz4WB9z0P26_GPoiam?usp=drive_link,,,,purchased,6a76051d3cbabbecf70939f1
Only BUP Course (লাইভ ক্লাস ও এক্সাম কম্বো),লেকচার-০২ টপিক,"ব্যাকরণ : ব্যাকরণ ও এর আলোচ্য বিষয়, বর্ণের আভিধানিক ক্রম",,,https://drive.google.com/drive/folders/1Cw4kLHBXQLOwLAKJvQfA1Sl40hnlfqyG?usp=drive_link,,,,purchased,6a76051d3cbabbecf70939f1
Only BUP Course (লাইভ ক্লাস ও এক্সাম কম্বো),লেকচার-০২ টপিক,"বাংলা ১ম পত্র : সাহিত্যে খেলা, বিলাসী",https://www.youtube.com/watch?v=nUzYWFs2m90,nUzYWFs2m90,,,,https://youtube.com/live/444V4xv3-Js?feature=share,purchased,6a76051d3cbabbecf70939f1
Only BUP Course (লাইভ ক্লাস ও এক্সাম কম্বো),লেকচার-০২ টপিক,English 1st Paper : Unit Two: Art and Craft,https://www.youtube.com/watch?v=S0ltDjcuc0U,S0ltDjcuc0U,,,,,locked,6a76051d3cbabbecf70939f1
Only BUP Course (লাইভ ক্লাস ও এক্সাম কম্বো),লেকচার-০৩ টপিক,English Grammar : Noun,https://www.youtube.com/watch?v=AdvA3SW9u7g,AdvA3SW9u7g,https://drive.google.com/drive/folders/1TiY-x_PeoKzm6ha6zw53HBVfHbEeR4UP?usp=drive_link,,,https://youtube.com/live/AdvA3SW9u7g?feature=share,purchased,6a76051d3cbabbecf70939f1
Only BUP Course (লাইভ ক্লাস ও এক্সাম কম্বো),লেকচার-০৩ টপিক,"ব্যাকরণ : ধ্বনি ও বর্ণ, যুক্তবর্ণ ও বর্ণানুক্রম",https://www.youtube.com/watch?v=B-4SLSHFhkc,B-4SLSHFhkc,https://drive.google.com/drive/folders/1_KMnd_2s8V8huiEwgjKNp_OJoaLQuWVi,,,https://youtube.com/live/B-4SLSHFhkc?feature=share,purchased,6a76051d3cbabbecf70939f1
Only BUP Course (লাইভ ক্লাস ও এক্সাম কম্বো),লেকচার-০৩ টপিক,বাংলা ১ম পত্র : অর্ধাঙ্গী,https://www.youtube.com/watch?v=nUzYWFs2m90,nUzYWFs2m90,,,,,locked,6a76051d3cbabbecf70939f1
Only BUP Course (লাইভ ক্লাস ও এক্সাম কম্বো),লেকচার-০৩ টপিক,"সাধারণ জ্ঞান (ENGLISH VERSION GK): Constitution, Referendum and Election, National Parliament",https://www.youtube.com/watch?v=6qPGi5R9ZU4,6qPGi5R9ZU4,https://drive.google.com/drive/folders/1OB41-kKgzvkHeI5umdvtmGs20fsC272F?usp=drive_link,,,https://youtube.com/live/6qPGi5R9ZU4?feature=share,purchased,6a76051d3cbabbecf70939f1
Only BUP Course (লাইভ ক্লাস ও এক্সাম কম্বো),লেকচার-০৩ টপিক,English 1st Paper : Unit Three: Myths and Literature,https://www.youtube.com/watch?v=wdfmREetnaU,wdfmREetnaU,,,,https://youtube.com/live/wdfmREetnaU?feature=share,locked,6a76051d3cbabbecf70939f1
Only BUP Course (লাইভ ক্লাস ও এক্সাম কম্বো),লেকচার-০৪ টপিক,"বাংলা ১ম পত্র : জীবন ও বৃক্ষ, গন্তব্য কাবুল",https://www.youtube.com/watch?v=U_lf_3xCxeo,U_lf_3xCxeo,,,,,purchased,6a76051d3cbabbecf70939f1
Only BUP Course (লাইভ ক্লাস ও এক্সাম কম্বো),লেকচার-০৪ টপিক,"ব্যাকরণ : ধ্বনি উচ্চারণ, ধ্বনি পরিবর্তন",https://www.youtube.com/watch?v=_DGMOgNHpNA,_DGMOgNHpNA,https://drive.google.com/drive/folders/1VQJD-88qju3ziBq3Y_O046YkhbAYyf5z?usp=drive_link,,,https://youtube.com/live/_DGMOgNHpNA?feature=share,purchased,6a76051d3cbabbecf70939f1
Only BUP Course (লাইভ ক্লাস ও এক্সাম কম্বো),লেকচার-০৪ টপিক,"English Grammar : Number, Gender",https://www.youtube.com/watch?v=eXR8q17Xxa4,eXR8q17Xxa4,https://drive.google.com/drive/folders/1q5qgEKDRWCy3dlPIAFJQ8vuavRpVVp13?usp=drive_link,,,https://youtube.com/live/eXR8q17Xxa4?feature=share,purchased,6a76051d3cbabbecf70939f1
Only BUP Course (লাইভ ক্লাস ও এক্সাম কম্বো),লেকচার-০৪ টপিক,"সাধারণ জ্ঞান (ENGLISH VERSION GK): Government- Executive Legislature and Judiciary, Administrative System, Defence and Security Forces, Population and Ethnic Group",https://www.youtube.com/watch?v=H0JAUC5I1jk,H0JAUC5I1jk,https://drive.google.com/drive/folders/1XsmTgporrrinV9jRATRzUcuhw5vjEzO7?usp=drive_link,,,https://youtube.com/live/H0JAUC5I1jk?feature=share,purchased,6a76051d3cbabbecf70939f1
Only BUP Course (লাইভ ক্লাস ও এক্সাম কম্বো),লেকচার-০৪ টপিক,English 1st Paper : Unit Four: History,https://www.youtube.com/watch?v=h3Cv2xAb-gA,h3Cv2xAb-gA,,,,https://youtube.com/live/h3Cv2xAb-gA?feature=share,locked,6a76051d3cbabbecf70939f1
Only BUP Course (লাইভ ক্লাস ও এক্সাম কম্বো),লেকচার-০৫ টপিক,"বাংলা ১ম পত্র : মাসি পিসি, কপিলদাস মুর্মুর শেষ কাজ",https://www.youtube.com/watch?v=Jn_ylywQBjc,Jn_ylywQBjc,https://drive.google.com/file/d/1QIxTUUUWNLPjeSct6rHxESx-VgzgKLQ4/view?usp=drive_link,,,https://youtube.com/live/Jn_ylywQBjc?feature=share,locked,6a76051d3cbabbecf70939f1
Only BUP Course (লাইভ ক্লাস ও এক্সাম কম্বো),লেকচার-০৫ টপিক,"ব্যাকরণ : ণ-ত্ব ও ষ-ত্ব বিধান, বানান শুদ্ধিকরণ, উপসর্গ-অনুসর্গ",https://www.youtube.com/watch?v=eOs6_LWUTqI,eOs6_LWUTqI,https://drive.google.com/drive/folders/1qsiSfv-RIOB1KWcV-ubJDfp5hVOls5Fi?usp=drive_link,,,https://youtube.com/live/eOs6_LWUTqI?feature=share,purchased,6a76051d3cbabbecf70939f1
Only BUP Course (লাইভ ক্লাস ও এক্সাম কম্বো),লেকচার-০৫ টপিক,"English Grammar : Pronoun, Adjective, Adverb",https://www.youtube.com/watch?v=W6VDGjct-SA,W6VDGjct-SA,https://drive.google.com/drive/folders/1Aau0J7BvfXe5E6-V_Au7_OkPRrl7vV12?usp=drive_link,,,https://youtube.com/live/W6VDGjct-SA?feature=share,purchased,6a76051d3cbabbecf70939f1
Only BUP Course (লাইভ ক্লাস ও এক্সাম কম্বো),লেকচার-০৫ টপিক,"সাধারণ জ্ঞান (ENGLISH VERSION GK): Education, Institution, Academy and Commission, Bangladesh in International Arena",https://www.youtube.com/watch?v=vGk3U6oxPEk,vGk3U6oxPEk,https://drive.google.com/drive/folders/1YiaJKF9pUxa8pHq3rOVVvamVzHMocx8q?usp=drive_link,,,https://youtube.com/live/vGk3U6oxPEk?feature=share,purchased,6a76051d3cbabbecf70939f1
Only BUP Course (লাইভ ক্লাস ও এক্সাম কম্বো),লেকচার-০৫ টপিক,English 1st Paper : Unit Five: Human Rights,https://www.youtube.com/watch?v=fAwidglIh1I,fAwidglIh1I,,,,https://youtube.com/live/fAwidglIh1I?feature=share,locked,6a76051d3cbabbecf70939f1
Only BUP Course (লাইভ ক্লাস ও এক্সাম কম্বো),লেকচার-০৬ টপিক,"ব্যাকরণ : ধাতু, প্রকৃতি ও প্রত্যয়",,,https://drive.google.com/drive/folders/1ifmeutN4Te14HiLrFAYnXzA2vIu7RwbU?usp=drive_link,,,,purchased,6a76051d3cbabbecf70939f1
Only BUP Course (লাইভ ক্লাস ও এক্সাম কম্বো),লেকচার-১৭ টপিক,বাংলা সাহিত্য ১ ক্লাসে শেষ,https://www.youtube.com/watch?v=77_PWTLDD9M,77_PWTLDD9M,https://drive.google.com/drive/folders/1X_zXRv8Vyqwpx9cipDcymwYz7x3-dZ7r?usp=drive_link,,,,locked,6a76051d3cbabbecf70939f1
Only BUP Course (লাইভ ক্লাস ও এক্সাম কম্বো),ক্লাস কোইয়ালিটি যাচাই করুন ( DEMO Free Class),১৭ ঘন্টায় এডমিশন ব্যাকরণ শেষ,https://www.youtube.com/watch?v=g1cA34BgTWc,g1cA34BgTWc,,,,,free_preview,6a76051d3cbabbecf70939f1
Only BUP Course (লাইভ ক্লাস ও এক্সাম কম্বো),ক্লাস কোইয়ালিটি যাচাই করুন ( DEMO Free Class),৩ ঘণ্টায় English Literature শেষ,https://www.youtube.com/watch?v=AigGXqbxxS0,AigGXqbxxS0,,,,,free_preview,6a76051d3cbabbecf70939f1
Only BUP Course (লাইভ ক্লাস ও এক্সাম কম্বো),ক্লাস কোইয়ালিটি যাচাই করুন ( DEMO Free Class),২৭ ঘন্টায় ইংরেজি গ্রামার ও লিটারেচার ১০০% শেষ,https://www.youtube.com/watch?v=NpCjt0Ohaig,NpCjt0Ohaig,,,,,free_preview,6a76051d3cbabbecf70939f1
ইংরেজি ও ব্যাকরণ ২টি One Shot ক্লাসের PDF কিনুন (প্রিন্ট করা যাবে),১৭ ঘন্টায় এডমিশন ব্যাকরণ শেষ,১৭ ঘন্টায় এডমিশন ব্যাকরণ শেষ PDF & ক্লাস,https://www.youtube.com/watch?v=g1cA34BgTWc,g1cA34BgTWc,https://drive.google.com/drive/folders/1ko8HPdZY9OWjeNXAij1hXuBO1-iJ0pVQ?usp=drive_link,,,,purchased,6a8181993cbabbecf74a5c75
ইংরেজি ও ব্যাকরণ ২টি One Shot ক্লাসের PDF কিনুন (প্রিন্ট করা যাবে),২৭ ঘন্টায় ইংরেজি গ্রামার ও লিটারেচার ১০০% শেষ,২৭ ঘন্টায় ইংরেজি গ্রামার ও লিটারেচার ১০০% শেষ PDF ও ক্লাস,https://www.youtube.com/watch?v=NpCjt0Ohaig,NpCjt0Ohaig,https://drive.google.com/drive/folders/1jkVGFSpXWWJHTR8Eu7E-o4xqD_tlZviW?usp=drive_link,,,,purchased,6a8181993cbabbecf74a5c75
ভার্সিটি খ ও বিভাগ পরিবর্তন MATH + IQ ফুল কোর্স,ম্যাথ লেকচার-০১: বীজগণিতের সূত্রাবলী,ম্যাথ লেকচার-০১: বীজগণিতের সূত্রাবলী,https://www.youtube.com/watch?v=p-8lhq7svoA,p-8lhq7svoA,,,,,purchased,6a81959c3cbabbecf74b1308
ভার্সিটি খ ও বিভাগ পরিবর্তন MATH + IQ ফুল কোর্স,ম্যাথ লেকচার-০২ :অন্বয় ও ফাংশন,ম্যাথ লেকচার-০২ :অন্বয় ও ফাংশন,https://www.youtube.com/watch?v=C-P9I4hRUno,C-P9I4hRUno,,,,,purchased,6a81959c3cbabbecf74b1308
ভার্সিটি খ ও বিভাগ পরিবর্তন MATH + IQ ফুল কোর্স,ম্যাথ লেকচার-০৩ (Part-1) : উৎপাদকে বিশেষণ ও সূচক লগারিদম,ম্যাথ লেকচার-০৩ (Part-1) : উৎপাদকে বিশেষণ ও সূচক লগারিদম,https://www.youtube.com/watch?v=q9mUbIoT8NU,q9mUbIoT8NU,,,,,purchased,6a81959c3cbabbecf74b1308
ভার্সিটি খ ও বিভাগ পরিবর্তন MATH + IQ ফুল কোর্স,ম্যাথ লেকচার-০৩ : (পর্ব-০২) সূচক,ম্যাথ লেকচার-০৩ : (পর্ব-০২) সূচক,https://www.youtube.com/watch?v=5oZhc0UDJAY,5oZhc0UDJAY,,,,,purchased,6a81959c3cbabbecf74b1308
ভার্সিটি খ ও বিভাগ পরিবর্তন MATH + IQ ফুল কোর্স,ম্যাথ লেকচার-০৪: বাস্তব সংখ্যা ও অসমতা + সেট,ম্যাথ লেকচার-০৪: বাস্তব সংখ্যা ও অসমতা + সেট,https://www.youtube.com/watch?v=YGhpmpD6o8k,YGhpmpD6o8k,,,,,purchased,6a81959c3cbabbecf74b1308
ভার্সিটি খ ও বিভাগ পরিবর্তন MATH + IQ ফুল কোর্স,"ম্যাথ লেকচার-০৫ : সম্ভাবনা ,বিন্যাস সমাবেশ","লেকচার ৫ : সম্ভাবনা ,বিন্যাস সমাবেশ",https://www.youtube.com/watch?v=nS2Omkeynl4,nS2Omkeynl4,,,,,purchased,6a81959c3cbabbecf74b1308
ভার্সিটি খ ও বিভাগ পরিবর্তন MATH + IQ ফুল কোর্স,ম্যাথ লেকচার-০৬ : সমীকরণ সমাধান ও পরিসংখ্যান,ম্যাথ লেকচার-০৬ : সমীকরণ সমাধান ও পরিসংখ্যান,https://www.youtube.com/watch?v=VCYJqsBx0Cw,VCYJqsBx0Cw,,,,,purchased,6a81959c3cbabbecf74b1308
ভার্সিটি খ ও বিভাগ পরিবর্তন MATH + IQ ফুল কোর্স,ম্যাথ লেকচার- ৭: মৌলিক ধারণা ও বর্গমূল,লেকচার ৭: মৌলিক ধারণা ও বর্গমূল,https://www.youtube.com/watch?v=VCYJqsBx0Cw,VCYJqsBx0Cw,,,,,locked,6a81959c3cbabbecf74b1308
ভার্সিটি খ ও বিভাগ পরিবর্তন MATH + IQ ফুল কোর্স,"ম্যাথ লেকচার-৮: লসাগু, গসাগু ও ভগ্নাংশ","লেকচার ৮: লসাগু, গসাগু ও ভগ্নাংশ",https://www.youtube.com/watch?v=_pbVVAVs1zU,_pbVVAVs1zU,,,,,purchased,6a81959c3cbabbecf74b1308
ভার্সিটি খ ও বিভাগ পরিবর্তন MATH + IQ ফুল কোর্স,ম্যাথ লেকচার-৯ : ধারা + সমীকরণ,লেকচার ৯ : ধারা +সমীকরণ,https://www.youtube.com/watch?v=Dy7bDGsdEAI,Dy7bDGsdEAI,,,,,purchased,6a81959c3cbabbecf74b1308
ভার্সিটি খ ও বিভাগ পরিবর্তন MATH + IQ ফুল কোর্স,ম্যাথ লেকচার-লেকচার ১০ (পার্ট -০১): গড় + ঐকিক নিয়ম + (Part-02): গড় +ঐকিক নিয়ম,লেকচার ১০ (পার্ট -০১): গড় + ঐকিক নিয়ম,https://www.youtube.com/watch?v=HMkuljPwJmw,HMkuljPwJmw,,,,,purchased,6a81959c3cbabbecf74b1308
ভার্সিটি খ ও বিভাগ পরিবর্তন MATH + IQ ফুল কোর্স,ম্যাথ লেকচার-লেকচার ১০ (পার্ট -০১): গড় + ঐকিক নিয়ম + (Part-02): গড় +ঐকিক নিয়ম,লেকচার ১০ (Part-02): গড় +ঐকিক নিয়ম,https://www.youtube.com/watch?v=Cl-iIFD8T9U,Cl-iIFD8T9U,,,,,purchased,6a81959c3cbabbecf74b1308
ভার্সিটি খ ও বিভাগ পরিবর্তন MATH + IQ ফুল কোর্স,ম্যাথ লেকচার-১১: বয়স + সময় দূরত্ব ও গতি,লেকচার ১১: বয়স + সময় দূরত্ব ও গতি,https://www.youtube.com/watch?v=QWxWlRyoIbI,QWxWlRyoIbI,,,,,purchased,6a81959c3cbabbecf74b1308
ভার্সিটি খ ও বিভাগ পরিবর্তন MATH + IQ ফুল কোর্স,ম্যাথ লেকচার-১২: অনুপাত সমানুপাত + শতকরা,লেকচার ১২: অনুপাত সমানুপাত + শতকরা,https://www.youtube.com/watch?v=W0ZW5hfhhLQ,W0ZW5hfhhLQ,,,,,purchased,6a81959c3cbabbecf74b1308
ভার্সিটি খ ও বিভাগ পরিবর্তন MATH + IQ ফুল কোর্স,ম্যাথ লেকচার-১৩ : লাভ ক্ষতি ও মুনাফা,লেকচার ১৩ : লাভ ক্ষতি ও মুনাফা,https://www.youtube.com/watch?v=9_c3a3-4X6Q,9_c3a3-4X6Q,,,,,purchased,6a81959c3cbabbecf74b1308
ভার্সিটি খ ও বিভাগ পরিবর্তন MATH + IQ ফুল কোর্স,"ম্যাথ লেকচার-১৪ : জ্যামিতি Part-1 : জ্যামিতিক ধারণা, ত্রিভুজ, পিথাগোরাস উপপাদ্য","লেকচার ১৪ : জ্যামিতি Part-1 : জ্যামিতিক ধারণা, ত্রিভুজ, পিথাগোরাস উপপাদ্য",https://www.youtube.com/watch?v=6IQTgvP3zUE,6IQTgvP3zUE,,,,,purchased,6a81959c3cbabbecf74b1308
ভার্সিটি খ ও বিভাগ পরিবর্তন MATH + IQ ফুল কোর্স,"ম্যাথ লেকচার-১৫ : জ্যামিতি Part-2 : পিথাগোরাস উপপাদ্য (Extra Part) ,ত্রিকোণমিতি ,চতুর্ভুজ","লেকচার ১৫ : জ্যামিতি Part-2 : পিথাগোরাস উপপাদ্য (Extra Part) ,ত্রিকোণমিতি ,চতুর্ভুজ",https://www.youtube.com/watch?v=6IQTgvP3zUE,6IQTgvP3zUE,,,,,purchased,6a81959c3cbabbecf74b1308
ভার্সিটি খ ও বিভাগ পরিবর্তন MATH + IQ ফুল কোর্স,ম্যাথ লেকচার-১৬ : জ্যামিতি Part-3 : বৃত্ত + ঘনভূজ ও ত্রিকোণমিতি + বিবধ,লেকচার ১৬ : জ্যামিতি Part-3 : বৃত্ত + ঘনভূজ ও ত্রিকোণমিতি + বিবধ,https://www.youtube.com/watch?v=Pi-x9qgMoNk,Pi-x9qgMoNk,,,,,purchased,6a81959c3cbabbecf74b1308
ভার্সিটি খ ও বিভাগ পরিবর্তন MATH + IQ ফুল কোর্স,আইকিউ IQ লেকচার-০১: সাংকেতিক বিন্যাস ও বর্ণ,IQ-1 Lecture 1: সাংকেতিক বিন্যাস ও বর্ণ,https://www.youtube.com/watch?v=Byqe1r6HP7Y,Byqe1r6HP7Y,,,,,purchased,6a81959c3cbabbecf74b1308
ভার্সিটি খ ও বিভাগ পরিবর্তন MATH + IQ ফুল কোর্স,আইকিউ IQ লেকচার-০২+০৩: রক্তের সম্পর্ক ও সম্পর্ক মূল্যায়ন + অসম্ভাব্যতা ; সম্ভাবনা ও রোমান সংখ্যা,IQ Lecture- 02 + 03 : রক্তের সম্পর্ক ও সম্পর্ক মূল্যায়ন + অসম্ভাব্যতা ; সম্ভাবনা ও রোমান সংখ্যা,https://www.youtube.com/watch?v=i-J-1rwNP3I,i-J-1rwNP3I,,,,,purchased,6a81959c3cbabbecf74b1308
ভার্সিটি খ ও বিভাগ পরিবর্তন MATH + IQ ফুল কোর্স,আইকিউ IQ লেকচার-০৪+০৫: সময় বার মাস বছর  & দিক ও অবস্থান  + নদী নৌকা ও স্রোত,Iq Lecture 4 + 5: সময় বার মাস বছর  & দিক ও অবস্থান  + নদী নৌকা ও স্রোত,https://www.youtube.com/watch?v=qcclDGEDRV8,qcclDGEDRV8,,,,,purchased,6a81959c3cbabbecf74b1308
ভার্সিটি খ ও বিভাগ পরিবর্তন MATH + IQ ফুল কোর্স,"আইকিউ IQ লেকচার-০৬+০৭: চিত্র যুক্তি ও প্রতিবিম্ব + অনুমান ,অবস্থান নির্ণয়,ভাষাগত বিচার","IQ Class Lecture- 06+07 : চিত্র যুক্তি ও প্রতিবিম্ব + অনুমান ,অবস্থান নির্ণয়,ভাষাগত বিচার",https://www.youtube.com/watch?v=dBtbJgVj29Q,dBtbJgVj29Q,,,,,purchased,6a81959c3cbabbecf74b1308
ভার্সিটি খ ও বিভাগ পরিবর্তন MATH + IQ ফুল কোর্স,আইকিউ IQ লেকচার-০৮+০৯:  সিদ্ধান্ত গ্রহণ+ বিশ্লেষণ+ অর্থ অনুধাবন ও সংখ্যা সিরিজ,IQ Class Lecture -08+09: সিদ্ধান্ত গ্রহণ+ বিশ্লেষণ + অর্থ অনুধাবন ও সংখ্যা সিরিজ,https://www.youtube.com/watch?v=Zw14BBFOLpQ,Zw14BBFOLpQ,,,,,purchased,6a81959c3cbabbecf74b1308
